# episode,reward,length,win
1,-55.2000,67,0
2,-55.5000,19,0
3,-42.9000,18,0
4,-44.5000,20,0
5,-53.0000,10,0
6,-53.8000,11,0
7,-57.1000,29,0
8,-48.2000,35,0
9,-46.7000,33,0
10,-53.6000,18,0
11,-55.5000,21,0
12,-53.0000,12,0
13,-55.3000,17,0
14,-54.3000,15,0
15,-47.0000,36,0
16,-43.6000,20,0
17,-57.7000,33,0
18,-53.4000,12,0
19,-55.7000,15,0
20,-50.5000,56,0
21,-49.1000,28,0
22,-53.3000,79,0
23,-53.8000,17,0
24,-44.6000,27,0
25,553.2000,80,1
26,-42.6000,10,0
27,-44.7000,29,0
28,-52.8000,78,0
29,-53.6000,11,0
30,-58.6000,63,0
31,-43.6000,30,0
32,-71.6000,138,0
33,-44.6000,22,0
34,-47.6000,44,0
35,-53.1000,10,0
36,-41.9000,8,0
37,-42.1000,15,0
38,-51.6000,6,0
39,-43.0000,13,0
40,-41.8000,15,0
41,-52.1000,7,0
42,-45.5000,30,0
43,-53.6000,13,0
44,-47.1000,44,0
45,-46.2000,25,0
46,-51.3000,77,0
47,-54.7000,16,0
48,-51.2000,83,0
49,-47.4000,37,0
50,-44.8000,22,0
51,-45.0000,28,0
52,-53.9000,12,0
53,-46.8000,39,0
54,-42.7000,25,0
55,-47.0000,36,0
56,-48.0000,27,0
57,-42.7000,12,0
58,-45.8000,38,0
59,-50.1000,50,0
60,-40.0000,10,0
61,559.1500,53,1
62,-52.5000,7,0
63,-48.5000,32,0
64,-51.5000,5,0
65,-53.5000,8,0
66,-43.3000,15,0
67,-44.3000,18,0
68,-51.9000,7,0
69,-43.8000,24,0
70,-52.9000,8,0
71,-52.6000,14,0
72,-45.0000,24,0
73,-57.0000,24,0
74,559.3000,42,1
75,-51.9000,14,0
76,-56.7000,24,0
77,-45.6000,27,0
78,-54.9000,22,0
79,-53.6000,10,0
80,-45.4000,35,0
81,-52.3000,6,0
82,-67.3000,57,0
83,-52.3000,6,0
84,-50.1000,61,0
85,-57.5000,78,0
86,-42.4000,18,0
87,-54.6000,20,0
88,-44.4000,18,0
89,-52.9000,14,0
90,-43.4000,9,0
91,-47.8000,33,0
92,-52.2000,55,0
93,-52.4000,7,0
94,-42.5000,15,0
95,-46.6000,20,0
96,-45.0000,26,0
97,-53.5000,14,0
98,-58.0000,19,0
99,-41.4000,9,0
100,-54.6000,62,0
101,-48.4000,30,0
102,-56.4000,57,0
103,-60.4000,93,0
104,-52.8000,57,0
105,-53.5000,11,0
106,-49.2000,45,0
107,-51.7000,52,0
108,-45.2000,22,0
109,-50.5000,49,0
110,-48.8000,30,0
111,-47.1000,32,0
112,-42.8000,18,0
113,-51.8000,60,0
114,-44.4000,23,0
115,-46.4000,30,0
116,-54.7000,18,0
117,-47.4000,43,0
118,-53.3000,10,0
119,-41.5000,16,0
120,-54.9000,66,0
121,-53.8000,10,0
122,-42.7000,20,0
123,-58.2000,74,0
124,-50.6000,54,0
125,-51.5000,7,0
126,-53.1000,10,0
127,-53.1000,10,0
128,-77.6000,157,0
129,-54.3000,25,0
130,-53.1000,11,0
131,-53.9000,12,0
132,-46.3000,39,0
133,-49.1000,28,0
134,-55.7000,80,0
135,-45.3000,23,0
136,-45.0000,35,0
137,-53.0000,13,0
138,-52.4000,11,0
139,-44.5000,21,0
140,563.9500,41,1
141,-44.6000,37,0
142,-53.3000,13,0
143,-53.5000,8,0
144,-47.4000,36,0
145,-49.5000,36,0
146,-44.1000,29,0
147,-53.7000,8,0
148,-47.1000,40,0
149,-41.9000,17,0
150,-46.2000,24,0
151,-53.3000,13,0
152,-43.9000,28,0
153,-45.5000,31,0
154,-52.7000,8,0
155,-43.8000,17,0
156,-48.7000,33,0
157,-61.3000,39,0
158,-44.5000,22,0
159,-45.4000,24,0
160,-43.2000,19,0
161,-55.4000,103,0
162,-54.5000,13,0
163,-55.5000,23,0
164,-57.8000,85,0
165,-48.3000,34,0
166,-49.2000,45,0
167,-54.7000,14,0
168,-50.8000,36,0
169,-55.9000,25,0
170,-55.4000,82,0
171,-43.2000,21,0
172,-41.0000,8,0
173,-50.1000,40,0
174,-44.8000,27,0
175,-80.1000,158,0
176,-42.4000,27,0
177,-51.7000,7,0
178,-53.0000,16,0
179,-48.3000,41,0
180,-62.2000,49,0
181,-45.7000,33,0
182,-55.0000,20,0
183,-43.1000,7,0
184,-51.5000,11,0
185,-44.9000,22,0
186,-52.6000,9,0
187,-52.6000,14,0
188,-53.1000,79,0
189,-52.3000,6,0
190,-44.4000,20,0
191,-53.8000,63,0
192,-47.5000,38,0
193,-52.9000,9,0
194,-45.6000,33,0
195,-49.8000,44,0
196,-45.0000,31,0
197,-48.0000,35,0
198,-51.6000,6,0
199,-52.9000,11,0
200,-53.3000,11,0
201,-43.8000,17,0
202,-51.5000,5,0
203,553.8000,74,1
204,-53.9000,15,0
205,-48.6000,52,0
206,-41.0000,27,0
207,-43.1000,12,0
208,-59.1000,86,0
209,-45.9000,38,0
210,-46.3000,32,0
211,-49.0000,54,0
212,-52.3000,6,0
213,-41.8000,15,0
214,-48.8000,51,0
215,-49.8000,71,0
216,-54.1000,22,0
217,-47.0000,34,0
218,-53.5000,9,0
219,-50.7000,44,0
220,-46.7000,40,0
221,-44.0000,30,0
222,-52.5000,14,0
223,567.9000,30,1
224,-55.1000,23,0
225,-53.0000,69,0
226,-48.0000,46,0
227,-44.4000,25,0
228,-54.4000,66,0
229,-52.3000,6,0
230,-46.3000,36,0
231,-54.7000,74,0
232,-52.8000,8,0
233,-46.0000,34,0
234,-41.7000,8,0
235,-56.2000,69,0
236,-46.6000,41,0
237,558.8500,65,1
238,-52.9000,7,0
239,-41.9000,12,0
240,-44.9000,30,0
241,-50.5000,58,0
242,-41.5000,13,0
243,-54.1000,17,0
244,-47.9000,40,0
245,-54.3000,11,0
246,548.2500,101,1
247,-52.3000,45,0
248,565.9000,34,1
249,-52.4000,7,0
250,-43.7000,24,0
251,-51.9000,66,0
252,-54.6000,52,0
253,-43.7000,14,0
254,-53.7000,8,0
255,-54.3000,23,0
256,-58.9000,37,0
257,-45.9000,33,0
258,-52.3000,6,0
259,-50.4000,66,0
260,-47.4000,27,0
261,-51.1000,6,0
262,-41.6000,16,0
263,-50.1000,57,0
264,-45.7000,36,0
265,-53.2000,16,0
266,-52.1000,39,0
267,-52.3000,69,0
268,-46.5000,33,0
269,-55.5000,22,0
270,-45.0000,30,0
271,-53.5000,67,0
272,-56.5000,29,0
273,-48.1000,38,0
274,-45.0000,29,0
275,-44.1000,28,0
276,-42.0000,19,0
277,-41.4000,25,0
278,-60.7000,48,0
279,-52.2000,11,0
280,-42.3000,15,0
281,-52.5000,48,0
282,-42.9000,19,0
283,-45.5000,31,0
284,-45.8000,29,0
285,-52.7000,15,0
286,-58.0000,60,0
287,-47.9000,48,0
288,-54.1000,12,0
289,-56.4000,23,0
290,-45.8000,36,0
291,-52.7000,7,0
292,-49.5000,42,0
293,564.0000,50,1
294,-53.5000,16,0
295,-54.1000,13,0
296,569.6500,23,1
297,-50.2000,48,0
298,-53.7000,89,0
299,-42.6000,20,0
300,-54.4000,16,0
301,-55.8000,29,0
302,-53.7000,13,0
303,566.1500,29,1
304,-49.0000,43,0
305,-45.4000,31,0
306,558.0000,64,1
307,-53.5000,11,0
308,-43.3000,23,0
309,568.1000,32,1
310,-46.8000,33,0
311,-48.4000,55,0
312,-51.8000,69,0
313,-45.3000,41,0
314,-61.4000,112,0
315,-54.9000,27,0
316,-40.7000,14,0
317,567.0000,28,1
318,-46.4000,35,0
319,560.3500,53,1
320,562.6000,54,1
321,-47.5000,37,0
322,-52.2000,11,0
323,-54.6000,17,0
324,-47.3000,33,0
325,-46.5000,28,0
326,-61.0000,64,0
327,-48.5000,42,0
328,543.2500,111,1
329,-54.8000,88,0
330,-44.9000,26,0
331,565.9000,34,1
332,-45.6000,38,0
333,-53.5000,59,0
334,-43.9000,27,0
335,-64.8000,137,0
336,-50.4000,53,0
337,556.6000,62,1
338,-51.9000,38,0
339,-42.9000,24,0
340,-43.5000,16,0
341,-39.5000,18,0
342,-42.9000,13,0
343,-53.4000,13,0
344,564.6500,37,1
345,-53.9000,11,0
346,-56.7000,36,0
347,-52.3000,67,0
348,-53.4000,11,0
349,-51.5000,5,0
350,-53.5000,13,0
351,568.0000,28,1
352,-54.7000,17,0
353,-52.0000,48,0
354,-53.4000,13,0
355,-47.1000,29,0
356,560.2000,58,1
357,-79.1000,165,0
358,-48.2000,37,0
359,-55.9000,24,0
360,-48.9000,46,0
361,-47.9000,28,0
362,-53.3000,8,0
363,564.9500,49,1
364,-51.6000,7,0
365,-43.2000,18,0
366,567.5000,34,1
367,-56.0000,23,0
368,564.1500,49,1
369,-47.8000,40,0
370,-55.7000,24,0
371,-61.2000,42,0
372,-52.5000,12,0
373,-43.0000,23,0
374,-54.2000,16,0
375,-59.8000,21,0
376,556.0000,84,1
377,563.7000,42,1
378,-52.3000,7,0
379,-42.3000,23,0
380,-46.1000,33,0
381,-52.4000,10,0
382,-56.3000,29,0
383,-51.3000,65,0
384,566.5500,47,1
385,-51.4000,41,0
386,561.8500,57,1
387,-45.6000,32,0
388,-56.5000,109,0
389,569.0000,24,1
390,-54.0000,18,0
391,-43.7000,16,0
392,566.2000,36,1
393,-53.7000,14,0
394,563.5000,50,1
395,-51.9000,8,0
396,-42.2000,14,0
397,-53.4000,15,0
398,-42.6000,10,0
399,-43.9000,34,0
400,-43.6000,18,0
401,-46.3000,43,0
402,-56.1000,22,0
403,-45.9000,26,0
404,-46.1000,36,0
405,-42.6000,22,0
406,-47.4000,27,0
407,-53.5000,11,0
408,-56.3000,98,0
409,-47.7000,32,0
410,-51.9000,6,0
411,-40.8000,10,0
412,-54.1000,26,0
413,-50.2000,48,0
414,557.0000,74,1
415,565.1500,37,1
416,570.0500,19,1
417,560.2000,56,1
418,-46.1000,29,0
419,-52.7000,7,0
420,565.3000,32,1
421,562.2500,43,1
422,-47.6000,57,0
423,-42.8000,25,0
424,563.0500,49,1
425,-49.1000,63,0
426,-41.9000,15,0
427,569.3500,21,1
428,-52.5000,10,0
429,568.8000,24,1
430,-54.1000,13,0
431,567.9000,24,1
432,572.8000,18,1
433,-43.8000,20,0
434,-46.8000,26,0
435,567.0500,31,1
436,566.6000,36,1
437,560.6500,47,1
438,561.4500,37,1
439,-53.0000,9,0
440,566.8500,23,1
441,-51.0000,5,0
442,568.5500,23,1
443,-48.3000,47,0
444,-44.9000,21,0
445,557.0500,61,1
446,563.7500,45,1
447,-52.9000,7,0
448,-45.5000,31,0
449,568.0000,34,1
450,-44.0000,20,0
451,567.0500,39,1
452,-53.5000,10,0
453,-52.5000,14,0
454,569.3500,21,1
455,-53.2000,13,0
456,570.3500,25,1
457,-52.1000,10,0
458,-51.8000,9,0
459,-41.3000,19,0
460,565.4500,33,1
461,-55.4000,14,0
462,569.6500,21,1
463,569.0500,23,1
464,568.8500,23,1
465,-43.4000,24,0
466,566.7000,28,1
467,570.7500,19,1
468,569.8000,24,1
469,-41.9000,14,0
470,-49.5000,66,0
471,562.1000,36,1
472,567.3500,21,1
473,-41.7000,8,0
474,569.8500,23,1
475,-42.6000,21,0
476,-40.7000,14,0
477,570.0000,26,1
478,-43.3000,19,0
479,568.6500,23,1
480,565.6500,39,1
481,-45.0000,24,0
482,-54.3000,12,0
483,-54.3000,21,0
484,-42.5000,30,0
485,-52.3000,6,0
486,-55.0000,14,0
487,-41.2000,12,0
488,563.5500,45,1
489,561.4000,50,1
490,570.0500,17,1
491,564.0000,36,1
492,571.6500,15,1
493,571.6500,17,1
494,570.6500,19,1
495,569.4500,23,1
496,569.0500,25,1
497,-53.4000,19,0
498,570.5000,18,1
499,-52.9000,9,0
500,-55.5000,33,0
501,567.4000,30,1
502,-51.8000,8,0
503,565.1000,30,1
504,-54.7000,25,0
505,568.7500,21,1
506,570.2500,17,1
507,-51.0000,5,0
508,562.0000,44,1
509,569.4500,23,1
510,-51.5000,5,0
511,-42.3000,14,0
512,-45.7000,19,0
513,567.7500,25,1
514,564.6500,35,1
515,570.3500,19,1
516,569.9500,21,1
517,-52.7000,10,0
518,-52.0000,8,0
519,-41.5000,19,0
520,563.3500,51,1
521,-53.2000,9,0
522,-46.4000,34,0
523,566.7500,33,1
524,-43.2000,22,0
525,-52.1000,12,0
526,567.3000,28,1
527,-44.8000,15,0
528,-51.5000,35,0
529,567.6000,30,1
530,570.0000,20,1
531,-51.0000,5,0
532,-41.0000,18,0
533,571.0500,19,1
534,-47.0000,28,0
535,567.4000,24,1
536,570.0000,20,1
537,568.2500,31,1
538,-40.7000,11,0
539,-49.2000,51,0
540,566.6000,20,1
541,567.4000,28,1
542,-44.0000,28,0
543,569.6000,18,1
544,-43.0000,13,0
545,566.3000,36,1
546,-52.5000,17,0
547,570.7000,18,1
548,568.4000,26,1
549,-45.2000,26,0
550,569.3500,21,1
551,-39.8000,25,0
552,-41.6000,12,0
553,-41.4000,18,0
554,568.7000,32,1
555,568.6500,29,1
556,-41.7000,13,0
557,-51.0000,5,0
558,-43.1000,31,0
559,-42.5000,15,0
560,-40.0000,17,0
561,-51.9000,6,0
562,569.1000,18,1
563,568.5000,20,1
564,569.9500,21,1
565,571.3500,17,1
566,567.8000,20,1
567,568.0000,24,1
568,-38.9000,15,0
569,-52.3000,6,0
570,-40.8000,7,0
571,569.7000,16,1
572,-53.4000,16,0
573,-40.0000,8,0
574,-51.9000,6,0
575,-52.3000,6,0
576,-52.3000,6,0
577,568.6000,18,1
578,571.4500,17,1
579,571.7000,18,1
580,-52.7000,15,0
581,-53.1000,10,0
582,-52.2000,11,0
583,-52.4000,7,0
584,-51.0000,5,0
585,569.1000,22,1
586,-52.7000,7,0
587,-41.7000,18,0
588,570.0000,16,1
589,-42.8000,28,0
590,-51.4000,54,0
591,-47.7000,33,0
592,571.8000,14,1
593,-43.1000,23,0
594,-47.4000,35,0
595,565.5000,28,1
596,-43.2000,42,0
597,571.1000,14,1
598,-43.3000,16,0
599,-47.2000,38,0
600,-40.4000,15,0
601,-41.3000,18,0
602,-42.2000,23,0
603,-64.8000,88,0
604,-45.3000,30,0
605,560.6500,53,1
606,569.5000,18,1
607,570.8000,16,1
608,569.8000,20,1
609,569.7000,20,1
610,570.3500,17,1
611,570.7000,16,1
612,570.7000,14,1
613,-42.7000,24,0
614,-52.4000,7,0
615,-41.2000,10,0
616,-42.2000,18,0
617,572.0500,13,1
618,-40.6000,11,0
619,-51.0000,5,0
620,572.0500,13,1
621,568.7500,23,1
622,569.0500,17,1
623,569.9500,17,1
624,570.7000,20,1
625,566.0500,23,1
626,-52.3000,6,0
627,571.1000,14,1
628,569.1000,18,1
629,-53.1000,10,0
630,571.1000,14,1
631,-40.7000,14,0
632,570.8000,16,1
633,-51.5000,5,0
634,570.4500,19,1
635,569.9500,19,1
636,569.7000,14,1
637,566.4000,38,1
638,568.1500,23,1
639,569.9000,18,1
640,568.4000,26,1
641,-38.6000,12,0
642,571.0500,17,1
643,572.1000,12,1
644,570.2500,27,1
645,-41.2000,10,0
646,570.9000,16,1
647,-48.5000,32,0
648,570.4000,24,1
649,-45.6000,34,0
650,-40.8000,17,0
651,568.9500,19,1
652,-52.2000,7,0
653,-41.6000,17,0
654,570.4500,17,1
655,566.7000,30,1
656,568.8500,23,1
657,-51.5000,5,0
658,568.7000,26,1
659,-51.5000,5,0
660,567.3000,28,1
661,571.7500,17,1
662,-51.6000,6,0
663,-54.0000,13,0
664,566.8500,23,1
665,566.8000,32,1
666,571.6500,15,1
667,571.8500,15,1
668,-51.9000,11,0
669,571.3000,18,1
670,570.4000,16,1
671,570.0000,18,1
672,565.1000,24,1
673,-44.5000,33,0
674,-40.1000,11,0
675,572.5000,14,1
676,561.1000,42,1
677,-44.9000,25,0
678,566.9500,23,1
679,569.3500,23,1
680,568.2000,30,1
681,-51.9000,11,0
682,-42.8000,16,0
683,-55.9000,18,0
684,568.9500,25,1
685,566.7000,34,1
686,567.0000,34,1
687,-42.4000,26,0
688,-44.5000,19,0
689,569.9000,26,1
690,-53.5000,17,0
691,567.8000,32,1
692,-52.7000,7,0
693,569.6500,19,1
694,569.9000,16,1
695,572.6500,17,1
696,-42.0000,27,0
697,-42.7000,16,0
698,570.1000,22,1
699,570.0000,24,1
700,563.4000,40,1
701,565.8000,30,1
702,570.8000,16,1
703,-42.1000,12,0
704,569.5000,22,1
705,570.0500,19,1
706,-52.3000,6,0
707,-42.9000,15,0
708,571.9500,17,1
709,-42.1000,23,0
710,-52.3000,6,0
711,-42.0000,23,0
712,-51.5000,5,0
713,-40.0000,12,0
714,-43.4000,16,0
715,569.3500,23,1
716,-52.4000,7,0
717,571.4500,13,1
718,569.5500,15,1
719,570.5000,24,1
720,571.8000,12,1
721,568.2500,29,1
722,570.9000,14,1
723,567.2500,25,1
724,-51.0000,5,0
725,-43.0000,8,0
726,568.0000,30,1
727,565.9500,29,1
728,-42.5000,32,0
729,-44.4000,27,0
730,568.6000,28,1
731,571.4500,15,1
732,559.6500,63,1
733,-52.8000,12,0
734,562.4000,54,1
735,-41.3000,24,0
736,-39.2000,9,0
737,-46.2000,32,0
738,-53.1000,10,0
739,568.4500,35,1
740,570.6500,15,1
741,572.4500,13,1
742,571.3500,15,1
743,566.8500,23,1
744,570.2000,24,1
745,571.2000,16,1
746,572.4000,12,1
747,-51.1000,6,0
748,-43.5000,23,0
749,571.1000,16,1
750,571.1000,16,1
751,570.8000,12,1
752,571.5500,15,1
753,-51.5000,5,0
754,-43.1000,7,0
755,570.7500,19,1
756,-53.7000,9,0
757,-53.0000,9,0
758,572.0500,13,1
759,571.0500,15,1
760,-42.3000,16,0
761,-42.0000,13,0
762,-41.4000,13,0
763,570.9000,20,1
764,566.4500,37,1
765,571.7500,15,1
766,570.6500,25,1
767,567.1500,37,1
768,571.0500,15,1
769,-41.2000,23,0
770,572.6500,15,1
771,-42.5000,8,0
772,571.4000,14,1
773,569.6000,26,1
774,-42.5000,13,0
775,-40.3000,8,0
776,571.2500,13,1
777,-52.4000,7,0
778,570.9500,13,1
779,-43.0000,8,0
780,-40.5000,16,0
781,567.4000,34,1
782,565.3000,40,1
783,569.7000,22,1
784,571.3500,15,1
785,-51.6000,6,0
786,570.4000,14,1
787,567.2000,24,1
788,-51.6000,6,0
789,566.4000,36,1
790,571.2500,13,1
791,567.3500,25,1
792,-52.2000,7,0
793,568.8000,24,1
794,567.2000,26,1
795,568.4000,26,1
796,567.3500,27,1
797,563.0000,34,1
798,571.1500,17,1
799,571.6500,15,1
800,568.0000,24,1
801,568.2000,28,1
802,-41.7000,12,0
803,-41.8000,15,0
804,-41.9000,17,0
805,570.7000,14,1
806,570.3500,19,1
807,566.0500,37,1
808,570.4500,17,1
809,-52.5000,7,0
810,566.0500,37,1
811,569.4500,17,1
812,-40.7000,14,0
813,569.4000,20,1
814,-40.9000,11,0
815,571.7500,15,1
816,-49.9000,55,0
817,-44.1000,31,0
818,570.1500,23,1
819,570.1500,19,1
820,-51.7000,10,0
821,571.0500,17,1
822,571.4500,25,1
823,-42.1000,27,0
824,569.8000,24,1
825,-45.9000,30,0
826,572.9500,13,1
827,569.0000,18,1
828,564.4000,46,1
829,569.6000,18,1
830,-44.1000,22,0
831,570.2000,18,1
832,572.3500,13,1
833,572.1000,12,1
834,571.4500,15,1
835,570.2000,20,1
836,568.7000,22,1
837,570.4500,19,1
838,571.4500,13,1
839,571.2500,15,1
840,572.1000,12,1
841,-44.0000,24,0
842,569.7000,22,1
843,570.0000,16,1
844,567.8000,38,1
845,-43.9000,31,0
846,-51.6000,6,0
847,572.3500,13,1
848,-42.8000,23,0
849,-43.5000,20,0
850,572.3500,15,1
851,-42.1000,16,0
852,570.5500,19,1
853,-44.4000,22,0
854,-51.6000,6,0
855,571.7000,14,1
856,-44.6000,27,0
857,-53.3000,8,0
858,-54.6000,17,0
859,570.8000,16,1
860,568.8500,21,1
861,-41.5000,12,0
862,569.5500,17,1
863,-51.6000,6,0
864,-46.7000,30,0
865,570.1500,17,1
866,-42.9000,27,0
867,572.1000,12,1
868,568.4500,29,1
869,-45.8000,22,0
870,-52.4000,7,0
871,-46.1000,21,0
872,-42.4000,18,0
873,558.3000,50,1
874,569.9500,21,1
875,569.8000,16,1
876,568.0000,28,1
877,569.9500,19,1
878,569.0500,21,1
879,569.6500,23,1
880,569.0000,20,1
881,570.9000,14,1
882,573.0000,14,1
883,-40.9000,20,0
884,-53.9000,19,0
885,567.6000,26,1
886,571.2500,15,1
887,-46.6000,35,0
888,568.4000,24,1
889,570.6000,18,1
890,-39.7000,8,0
891,572.6500,13,1
892,-42.0000,21,0
893,-42.9000,24,0
894,-41.4000,12,0
895,-43.4000,28,0
896,571.7000,14,1
897,570.7000,18,1
898,-42.0000,8,0
899,-43.5000,28,0
900,566.5000,36,1
901,-40.9000,14,0
902,571.4000,16,1
903,-42.0000,26,0
904,568.8500,25,1
905,565.4000,32,1
906,566.5000,36,1
907,566.7000,32,1
908,567.7500,31,1
909,568.9000,26,1
910,-41.1000,21,0
911,570.8000,16,1
912,-41.8000,16,0
913,-51.6000,11,0
914,569.8000,20,1
915,570.7500,17,1
916,-42.7000,32,0
917,559.5000,62,1
918,568.6000,26,1
919,569.8000,16,1
920,-41.8000,19,0
921,567.3500,23,1
922,568.8500,25,1
923,-40.7000,28,0
924,571.6500,19,1
925,570.4000,18,1
926,-40.7000,8,0
927,570.6000,20,1
928,572.1000,12,1
929,565.6500,31,1
930,-44.3000,28,0
931,570.8500,15,1
932,-44.9000,41,0
933,566.2000,34,1
934,-43.1000,16,0
935,566.1500,39,1
936,571.8000,14,1
937,-42.5000,23,0
938,571.3500,13,1
939,566.8500,41,1
940,-44.2000,37,0
941,-53.6000,10,0
942,-56.5000,26,0
943,566.8500,33,1
944,-52.3000,6,0
945,569.5000,20,1
946,-43.0000,8,0
947,569.6500,23,1
948,560.5500,59,1
949,568.9500,23,1
950,559.2500,61,1
951,567.9000,26,1
952,-55.4000,14,0
953,-52.3000,7,0
954,572.0000,16,1
955,570.0500,17,1
956,566.8500,43,1
957,570.1000,22,1
958,569.8000,18,1
959,-51.6000,6,0
960,567.1500,29,1
961,-39.8000,23,0
962,568.1000,26,1
963,-45.8000,33,0
964,560.4500,55,1
965,569.6500,21,1
966,567.9500,31,1
967,-41.3000,20,0
968,560.3000,52,1
969,569.5500,25,1
970,561.6500,51,1
971,-43.5000,31,0
972,570.2000,20,1
973,567.4500,29,1
974,-44.6000,27,0
975,558.8500,51,1
976,-51.6000,6,0
977,-45.4000,27,0
978,571.6500,15,1
979,565.0000,44,1
980,568.1500,33,1
981,-42.5000,16,0
982,-51.0000,5,0
983,570.9000,16,1
984,-44.7000,30,0
985,567.3000,28,1
986,-41.2000,8,0
987,-51.6000,6,0
988,-52.7000,7,0
989,569.4000,16,1
990,-48.5000,46,0
991,-52.2000,7,0
992,569.0500,25,1
993,565.6000,36,1
994,567.9000,28,1
995,568.8500,23,1
996,571.1500,15,1
997,-41.4000,11,0
998,570.6500,15,1
999,568.5500,21,1
1000,567.5500,21,1
