episode,reward,length,win
1,-55.3000,12,0
2,-57.2000,18,0
3,-72.0000,26,0
4,-53.9000,10,0
5,-53.9000,8,0
6,-66.7000,21,0
7,-53.9000,14,0
8,-58.6000,13,0
9,-55.3000,11,0
10,-54.9000,8,0
11,-57.9000,16,0
12,-54.6000,13,0
13,-59.8000,13,0
14,-62.1000,16,0
15,-46.4000,9,0
16,-53.7000,18,0
17,-57.1000,16,0
18,-53.4000,8,0
19,-45.7000,30,0
20,-49.4000,15,0
21,-55.6000,10,0
22,-56.8000,12,0
23,-56.6000,16,0
24,-60.4000,22,0
25,-58.7000,9,0
26,-55.4000,13,0
27,-55.1000,9,0
28,-54.3000,11,0
29,-55.9000,15,0
30,-52.9000,11,0
31,-62.2000,16,0
32,-54.4000,8,0
33,-52.6000,9,0
34,-54.7000,13,0
35,-55.4000,12,0
36,-56.5000,15,0
37,-54.2000,10,0
38,-61.9000,14,0
39,-53.2000,6,0
40,-64.5000,19,0
41,-54.3000,13,0
42,-58.1000,14,0
43,-62.6000,20,0
44,-60.6000,13,0
45,-56.9000,10,0
46,-56.2000,13,0
47,-55.6000,9,0
48,-53.9000,8,0
49,-54.6000,11,0
50,-58.1000,12,0
51,-55.3000,10,0
52,-54.4000,10,0
53,-57.4000,13,0
54,-57.2000,9,0
55,-64.9000,17,0
56,-63.7000,21,0
57,-63.4000,13,0
58,-57.5000,13,0
59,-56.7000,20,0
60,-54.2000,9,0
61,-54.9000,11,0
62,-54.5000,18,0
63,-55.1000,12,0
64,-57.9000,17,0
65,-58.6000,21,0
66,-60.5000,14,0
67,-57.8000,18,0
68,-55.9000,12,0
69,-54.0000,8,0
70,-54.7000,16,0
71,-55.2000,18,0
72,-57.5000,13,0
73,-58.6000,17,0
74,-58.5000,14,0
75,-55.3000,12,0
76,-54.6000,11,0
77,-58.1000,12,0
78,-58.8000,30,0
79,-55.4000,11,0
80,-55.4000,15,0
81,-61.1000,23,0
82,-54.8000,8,0
83,-53.8000,12,0
84,-53.4000,7,0
85,-55.0000,9,0
86,-59.2000,15,0
87,-59.0000,11,0
88,-59.9000,13,0
89,-54.6000,13,0
90,-54.8000,15,0
91,-59.6000,19,0
92,-61.2000,22,0
93,-62.2000,17,0
94,-63.8000,16,0
95,-57.8000,14,0
96,-55.2000,15,0
97,-58.5000,19,0
98,-55.4000,10,0
99,-53.4000,7,0
100,-54.8000,8,0
101,-54.7000,9,0
102,-56.2000,10,0
103,-55.2000,12,0
104,-55.4000,10,0
105,-58.3000,14,0
106,-57.9000,15,0
107,-51.2000,17,0
108,-56.4000,13,0
109,-57.6000,11,0
110,-58.0000,12,0
111,-59.4000,16,0
112,-54.5000,11,0
113,-65.4000,25,0
114,-56.2000,12,0
115,-54.4000,14,0
116,-60.1000,20,0
117,-56.0000,9,0
118,-57.0000,9,0
119,-57.5000,14,0
120,-59.5000,23,0
121,-67.0000,18,0
122,-56.6000,13,0
123,-57.2000,11,0
124,-54.4000,8,0
125,-54.6000,10,0
126,-54.3000,10,0
127,-55.4000,12,0
128,-72.6000,20,0
129,-57.7000,14,0
130,-58.4000,15,0
131,-54.1000,18,0
132,-54.2000,9,0
133,-51.8000,20,0
134,-57.2000,11,0
135,-56.8000,10,0
136,-44.2000,21,0
137,-56.9000,13,0
138,-52.8000,9,0
139,-59.5000,14,0
140,-63.9000,22,0
141,-53.4000,11,0
142,-62.6000,15,0
143,-54.3000,7,0
144,-47.1000,16,0
145,-56.7000,12,0
146,-53.9000,10,0
147,-59.7000,12,0
148,-54.8000,9,0
149,-64.3000,18,0
150,-56.8000,12,0
151,-55.5000,12,0
152,-54.5000,11,0
153,-53.3000,9,0
154,-54.1000,9,0
155,-57.0000,10,0
156,-54.1000,9,0
157,-53.6000,11,0
158,-56.7000,12,0
159,-59.4000,21,0
160,-55.0000,10,0
161,-66.2000,21,0
162,-56.1000,14,0
163,-56.2000,16,0
164,-54.7000,12,0
165,-55.7000,12,0
166,-61.8000,19,0
167,-58.2000,13,0
168,-53.4000,10,0
169,-44.7000,8,0
170,-54.7000,11,0
171,-54.9000,12,0
172,-56.0000,15,0
173,-57.2000,14,0
174,-64.7000,15,0
175,-56.2000,15,0
176,-61.6000,18,0
177,-60.6000,16,0
178,-55.2000,17,0
179,-53.5000,7,0
180,-54.7000,9,0
181,-55.4000,16,0
182,-56.2000,10,0
183,-66.7000,24,0
184,-57.9000,15,0
185,-56.9000,8,0
186,-54.1000,11,0
187,-63.3000,19,0
188,-58.1000,23,0
189,-59.4000,11,0
190,-55.3000,12,0
191,-60.7000,14,0
192,-53.1000,8,0
193,-57.3000,11,0
194,-55.6000,11,0
195,-55.5000,9,0
196,-52.0000,7,0
197,-53.3000,9,0
198,-58.1000,14,0
199,-58.5000,20,0
200,-55.3000,13,0
201,-60.0000,14,0
202,-60.9000,17,0
203,-56.5000,11,0
204,-65.1000,22,0
205,-56.1000,13,0
206,-57.1000,10,0
207,-58.5000,13,0
208,-53.4000,9,0
209,-56.1000,15,0
210,-55.7000,17,0
211,-53.9000,11,0
212,-52.1000,9,0
213,-63.2000,15,0
214,-56.2000,14,0
215,-62.6000,16,0
216,-53.5000,16,0
217,-55.2000,10,0
218,-57.5000,20,0
219,-66.1000,15,0
220,-52.7000,7,0
221,-54.1000,14,0
222,-61.6000,16,0
223,-55.5000,8,0
224,-53.9000,8,0
225,-53.7000,10,0
226,-55.9000,13,0
227,-64.3000,14,0
228,-64.9000,15,0
229,-59.0000,13,0
230,-52.9000,9,0
231,-53.0000,10,0
232,-62.0000,15,0
233,-57.4000,19,0
234,-59.7000,14,0
235,-55.7000,11,0
236,-59.4000,14,0
237,-63.8000,16,0
238,-54.5000,8,0
239,-54.4000,16,0
240,-55.3000,12,0
241,-55.0000,9,0
242,-55.8000,11,0
243,-56.3000,11,0
244,-59.6000,14,0
245,-58.1000,14,0
246,-54.3000,10,0
247,-61.7000,14,0
248,-54.7000,10,0
249,-52.1000,28,0
250,-54.2000,25,0
251,-56.6000,10,0
252,-54.1000,12,0
253,-59.6000,13,0
254,-54.9000,12,0
255,-54.2000,9,0
256,-55.2000,10,0
257,-71.1000,23,0
258,-58.0000,12,0
259,-45.2000,17,0
260,-54.4000,14,0
261,-55.7000,12,0
262,-60.4000,15,0
263,-56.6000,25,0
264,-55.7000,15,0
265,-53.1000,15,0
266,-54.8000,10,0
267,-55.9000,16,0
268,-54.2000,9,0
269,-60.2000,16,0
270,-54.5000,13,0
271,-54.3000,12,0
272,-61.8000,15,0
273,-54.5000,10,0
274,-47.5000,17,0
275,-64.2000,24,0
276,-53.5000,7,0
277,-57.5000,10,0
278,-58.2000,24,0
279,-52.6000,10,0
280,-54.0000,10,0
281,-54.5000,12,0
282,-52.7000,8,0
283,-58.6000,15,0
284,-53.6000,10,0
285,-66.4000,21,0
286,-59.6000,18,0
287,-58.0000,14,0
288,-57.8000,20,0
289,-57.9000,12,0
290,-46.1000,19,0
291,-55.8000,9,0
292,-55.9000,30,0
293,-56.8000,13,0
294,-53.3000,8,0
295,-47.5000,10,0
296,-66.5000,21,0
297,-61.6000,20,0
298,-58.3000,12,0
299,-50.7000,18,0
300,-54.8000,12,0
301,-43.3000,16,0
302,-53.2000,8,0
303,-72.1000,20,0
304,-52.8000,8,0
305,-56.3000,13,0
306,-56.1000,14,0
307,-61.4000,16,0
308,-53.3000,7,0
309,-53.6000,9,0
310,-59.3000,13,0
311,-62.1000,16,0
312,-52.9000,7,0
313,-57.6000,11,0
314,-45.1000,14,0
315,-55.6000,9,0
316,-56.2000,12,0
317,-52.7000,7,0
318,-61.5000,20,0
319,-53.9000,8,0
320,-55.1000,18,0
321,-55.5000,11,0
322,-54.6000,15,0
323,-56.0000,13,0
324,-53.9000,7,0
325,-43.6000,17,0
326,-61.6000,13,0
327,-55.1000,9,0
328,-53.3000,8,0
329,-53.2000,9,0
330,-61.6000,19,0
331,-51.3000,21,0
332,-55.9000,13,0
333,-63.2000,14,0
334,-61.8000,14,0
335,-51.1000,14,0
336,-54.5000,12,0
337,-58.9000,18,0
338,-48.1000,10,0
339,-42.7000,14,0
340,-45.7000,11,0
341,-46.3000,18,0
342,-54.1000,7,0
343,-43.9000,15,0
344,-67.9000,19,0
345,-58.2000,12,0
346,-52.7000,7,0
347,-53.7000,11,0
348,-54.3000,14,0
349,-56.1000,15,0
350,-64.4000,17,0
351,-56.4000,16,0
352,-50.8000,22,0
353,-58.3000,16,0
354,-46.7000,13,0
355,-58.6000,13,0
356,-55.2000,11,0
357,-57.5000,13,0
358,-53.7000,8,0
359,-52.5000,20,0
360,-68.5000,20,0
361,-55.2000,13,0
362,-55.3000,11,0
363,-44.0000,9,0
364,-56.5000,17,0
365,-48.0000,19,0
366,-69.1000,21,0
367,-54.4000,8,0
368,-65.5000,18,0
369,-45.1000,10,0
370,-54.0000,8,0
371,-53.1000,9,0
372,-64.9000,24,0
373,-54.9000,17,0
374,-54.2000,9,0
375,-43.3000,14,0
376,-53.7000,9,0
377,-43.7000,9,0
378,-58.8000,15,0
379,-64.3000,17,0
380,-43.8000,11,0
381,-57.9000,17,0
382,-56.8000,15,0
383,-58.7000,12,0
384,-48.8000,12,0
385,-52.6000,9,0
386,-54.8000,9,0
387,-66.1000,33,0
388,-63.6000,15,0
389,-58.0000,21,0
390,-59.5000,14,0
391,-43.2000,9,0
392,-56.5000,11,0
393,-59.3000,16,0
394,-58.3000,14,0
395,-54.7000,15,0
396,-52.2000,8,0
397,-56.0000,10,0
398,-56.9000,9,0
399,-48.2000,13,0
400,-61.7000,13,0
401,-65.3000,15,0
402,-60.9000,15,0
403,-55.4000,9,0
404,-58.1000,20,0
405,-50.3000,11,0
406,-53.8000,9,0
407,-58.9000,12,0
408,-45.0000,8,0
409,-69.1000,20,0
410,-54.2000,11,0
411,-47.2000,21,0
412,-57.4000,16,0
413,-57.7000,12,0
414,-53.8000,6,0
415,-58.0000,13,0
416,-58.3000,13,0
417,-43.9000,13,0
418,-45.2000,13,0
419,-42.2000,10,0
420,-46.2000,9,0
421,-52.0000,14,0
422,-45.0000,12,0
423,-55.3000,17,0
424,-55.1000,16,0
425,-52.8000,8,0
426,-51.9000,9,0
427,-44.8000,8,0
428,-47.5000,10,0
429,-60.6000,16,0
430,-51.7000,12,0
431,-54.7000,11,0
432,-53.4000,8,0
433,-57.9000,12,0
434,-52.2000,8,0
435,-45.8000,9,0
436,-62.3000,18,0
437,-53.8000,8,0
438,-46.2000,9,0
439,-43.5000,10,0
440,-55.6000,17,0
441,-52.4000,15,0
442,-44.6000,10,0
443,-42.3000,7,0
444,-55.9000,13,0
445,-43.0000,10,0
446,-53.4000,10,0
447,-60.2000,19,0
448,-45.7000,10,0
449,-42.6000,7,0
450,-43.8000,13,0
451,-62.9000,18,0
452,-43.4000,7,0
453,-52.9000,7,0
454,-53.9000,7,0
455,-44.5000,15,0
456,-52.7000,8,0
457,-61.8000,16,0
458,-56.1000,11,0
459,-46.7000,24,0
460,-42.5000,9,0
461,-52.9000,7,0
462,-45.4000,19,0
463,-55.3000,13,0
464,-53.7000,15,0
465,-53.5000,7,0
466,-54.7000,12,0
467,-53.7000,12,0
468,-58.8000,19,0
469,-43.0000,10,0
470,-57.2000,15,0
471,-55.2000,14,0
472,-43.2000,20,0
473,-53.5000,10,0
474,-56.4000,15,0
475,-56.2000,10,0
476,-53.4000,7,0
477,-62.4000,31,0
478,-55.2000,13,0
479,-45.0000,8,0
480,-56.3000,10,0
481,-54.7000,17,0
482,-45.1000,11,0
483,-57.1000,10,0
484,-52.9000,13,0
485,-57.1000,13,0
486,-52.8000,7,0
487,-47.7000,10,0
488,-46.2000,17,0
489,-52.9000,7,0
490,-45.0000,8,0
491,-53.4000,10,0
492,-45.8000,13,0
493,-55.8000,11,0
494,-56.0000,19,0
495,-42.0000,6,0
496,-47.7000,17,0
497,-41.0000,8,0
498,-49.8000,12,0
499,-57.0000,16,0
500,-63.5000,17,0
501,-54.1000,9,0
502,-58.6000,15,0
503,-45.2000,14,0
504,-57.3000,9,0
505,-61.4000,17,0
506,-54.4000,12,0
507,-53.9000,18,0
508,-54.3000,8,0
509,-45.3000,9,0
510,-55.4000,10,0
511,-52.1000,20,0
512,-45.4000,11,0
513,-52.7000,10,0
514,-61.0000,13,0
515,-43.6000,9,0
516,-54.9000,12,0
517,-57.1000,13,0
518,-43.1000,8,0
519,-46.1000,26,0
520,-58.0000,13,0
521,-48.2000,12,0
522,-43.4000,9,0
523,-54.2000,16,0
524,-56.5000,9,0
525,-44.6000,18,0
526,-45.9000,14,0
527,-48.0000,10,0
528,-58.1000,19,0
529,-59.4000,13,0
530,-56.5000,13,0
531,-57.3000,15,0
532,-49.1000,11,0
533,-47.1000,11,0
534,-42.1000,10,0
535,-52.8000,7,0
536,-42.1000,9,0
537,-61.4000,15,0
538,-53.8000,8,0
539,-57.7000,13,0
540,-54.0000,8,0
541,-42.3000,7,0
542,-42.7000,11,0
543,-54.5000,10,0
544,-44.6000,9,0
545,-52.6000,6,0
546,-45.0000,8,0
547,-52.8000,8,0
548,-41.9000,9,0
549,-53.3000,9,0
550,-48.5000,15,0
551,-42.0000,6,0
552,-60.7000,19,0
553,-47.1000,11,0
554,-55.6000,13,0
555,-49.3000,9,0
556,-54.2000,10,0
557,-63.1000,19,0
558,-54.1000,12,0
559,-53.4000,11,0
560,-52.9000,7,0
561,-43.9000,13,0
562,-53.6000,14,0
563,-42.0000,6,0
564,-48.1000,18,0
565,-53.6000,20,0
566,-55.7000,18,0
567,-44.7000,12,0
568,-53.3000,9,0
569,-53.2000,8,0
570,-56.6000,18,0
571,-45.2000,12,0
572,-50.5000,11,0
573,-70.8000,40,0
574,-44.1000,11,0
575,-42.9000,8,0
576,-52.6000,10,0
577,-61.0000,16,0
578,-47.7000,10,0
579,-43.1000,11,0
580,-43.5000,10,0
581,-55.2000,9,0
582,-51.7000,25,0
583,-55.7000,11,0
584,-56.3000,30,0
585,-46.2000,12,0
586,-48.1000,18,0
587,-41.0000,8,0
588,-42.9000,8,0
589,-46.2000,9,0
590,-43.4000,7,0
591,-57.5000,11,0
592,-47.7000,9,0
593,-44.8000,12,0
594,-55.4000,9,0
595,-55.6000,17,0
596,-42.9000,9,0
597,-51.7000,32,0
598,-41.8000,9,0
599,-48.4000,13,0
600,-53.9000,12,0
601,-53.2000,7,0
602,-43.1000,7,0
603,-56.9000,14,0
604,-44.6000,9,0
605,-53.6000,7,0
606,-55.0000,11,0
607,-53.7000,8,0
608,-43.7000,12,0
609,-43.8000,9,0
610,-43.3000,11,0
611,-46.3000,22,0
612,-42.0000,6,0
613,-45.0000,8,0
614,-43.4000,7,0
615,-59.7000,22,0
616,-53.6000,7,0
617,-51.8000,27,0
618,-42.7000,12,0
619,-47.8000,12,0
620,-60.9000,26,0
621,-54.0000,9,0
622,-55.8000,13,0
623,-42.4000,15,0
624,-42.0000,6,0
625,-51.2000,13,0
626,-42.7000,8,0
627,-42.0000,6,0
628,-60.9000,12,0
629,-49.3000,12,0
630,-43.2000,10,0
631,-42.0000,6,0
632,-59.9000,17,0
633,-44.4000,10,0
634,-54.9000,10,0
635,-45.9000,12,0
636,-44.5000,9,0
637,-46.5000,10,0
638,-61.2000,17,0
639,-42.0000,6,0
640,-43.8000,9,0
641,-52.6000,6,0
642,-55.7000,11,0
643,-43.1000,13,0
644,-43.3000,11,0
645,-56.5000,10,0
646,-43.1000,14,0
647,-49.3000,13,0
648,-54.8000,22,0
649,-42.0000,6,0
650,-54.2000,12,0
651,-45.4000,10,0
652,-49.0000,14,0
653,-45.4000,9,0
654,-56.2000,11,0
655,-53.9000,7,0
656,-54.5000,12,0
657,-52.6000,6,0
658,-58.8000,19,0
659,-54.7000,7,0
660,-42.0000,6,0
661,-46.1000,9,0
662,-42.0000,6,0
663,-43.4000,8,0
664,-42.3000,7,0
665,-53.3000,7,0
666,-48.5000,14,0
667,-42.3000,7,0
668,-46.9000,8,0
669,-45.5000,8,0
670,-42.3000,7,0
671,-46.0000,15,0
672,-53.1000,9,0
673,-49.9000,21,0
674,-44.7000,8,0
675,-45.9000,16,0
676,-54.6000,10,0
677,-44.9000,10,0
678,-62.8000,11,0
679,-47.1000,20,0
680,-54.9000,19,0
681,-47.2000,24,0
682,-47.8000,9,0
683,-42.0000,6,0
684,-42.0000,6,0
685,-49.8000,11,0
686,-42.7000,8,0
687,-42.3000,7,0
688,-47.8000,11,0
689,-48.6000,20,0
690,-52.6000,14,0
691,-42.2000,10,0
692,-45.0000,11,0
693,-47.8000,9,0
694,-56.2000,13,0
695,-65.2000,17,0
696,-44.4000,11,0
697,-42.3000,7,0
698,-48.4000,23,0
699,-53.9000,9,0
700,-42.9000,9,0
701,-45.0000,8,0
702,-54.1000,9,0
703,-53.8000,8,0
704,-43.3000,11,0
705,-48.4000,12,0
706,-44.7000,14,0
707,-42.6000,8,0
708,-42.3000,7,0
709,-48.7000,16,0
710,-61.0000,23,0
711,-54.7000,9,0
712,-54.3000,9,0
713,-53.0000,9,0
714,-58.7000,13,0
715,-55.1000,18,0
716,-46.1000,11,0
717,-57.1000,11,0
718,-47.4000,9,0
719,-54.9000,10,0
720,-57.5000,9,0
721,-48.3000,21,0
722,-42.0000,6,0
723,-54.2000,11,0
724,-46.8000,10,0
725,-58.8000,13,0
726,-50.4000,16,0
727,-62.7000,19,0
728,-42.0000,7,0
729,-45.4000,10,0
730,-42.0000,6,0
731,-50.3000,17,0
732,-42.9000,8,0
733,-55.6000,10,0
734,-48.7000,13,0
735,-62.4000,20,0
736,-62.7000,18,0
737,-42.6000,8,0
738,-42.3000,7,0
739,-46.4000,11,0
740,-46.2000,16,0
741,-42.7000,13,0
742,-43.3000,9,0
743,-44.3000,9,0
744,-42.9000,8,0
745,-45.0000,8,0
746,-65.5000,21,0
747,-46.6000,15,0
748,-46.3000,12,0
749,-48.7000,13,0
750,-55.2000,7,0
751,-45.5000,15,0
752,-60.3000,14,0
753,-45.4000,20,0
754,-54.2000,9,0
755,-63.1000,19,0
756,-42.1000,15,0
757,-56.9000,24,0
758,-45.0000,8,0
759,-49.5000,15,0
760,-43.6000,10,0
761,-44.7000,7,0
762,-42.7000,8,0
763,-42.1000,14,0
764,-54.5000,7,0
765,-48.6000,15,0
766,-60.6000,17,0
767,-58.4000,14,0
768,-45.7000,9,0
769,-43.3000,14,0
770,-42.0000,6,0
771,-56.8000,16,0
772,-43.3000,15,0
773,-42.0000,6,0
774,-43.3000,11,0
775,-45.8000,9,0
776,-43.4000,8,0
777,-43.1000,7,0
778,-45.0000,7,0
779,-60.1000,14,0
780,-53.8000,10,0
781,-53.0000,24,0
782,-42.7000,8,0
783,-42.1000,10,0
784,-42.0000,6,0
785,-68.1000,26,0
786,-52.9000,7,0
787,-65.1000,24,0
788,-45.0000,10,0
789,-54.5000,15,0
790,-44.8000,12,0
791,-51.5000,9,0
792,-45.3000,8,0
793,-48.6000,9,0
794,-54.6000,13,0
795,-46.2000,9,0
796,-42.4000,12,0
797,-42.0000,6,0
798,-45.4000,15,0
799,-45.0000,8,0
800,-53.3000,12,0
801,-53.6000,7,0
802,-42.7000,8,0
803,-54.1000,12,0
804,-46.2000,9,0
805,-49.6000,12,0
806,-44.1000,10,0
807,-42.7000,8,0
808,-44.2000,7,0
809,-59.9000,16,0
810,-55.3000,10,0
811,-42.4000,9,0
812,-53.8000,10,0
813,-43.9000,7,0
814,-53.9000,23,0
815,-62.2000,27,0
816,-57.3000,10,0
817,-43.9000,11,0
818,-56.0000,8,0
819,-45.5000,17,0
820,-57.5000,12,0
821,-53.6000,11,0
822,-45.7000,10,0
823,-46.9000,11,0
824,-42.6000,9,0
825,-52.9000,7,0
826,-45.3000,8,0
827,-42.0000,6,0
828,-45.2000,10,0
829,-45.0000,20,0
830,-44.2000,12,0
831,-48.7000,11,0
832,-49.4000,17,0
833,-42.3000,7,0
834,-52.9000,10,0
835,-47.2000,9,0
836,-45.9000,14,0
837,-43.9000,10,0
838,-58.9000,17,0
839,-47.9000,12,0
840,-43.3000,10,0
841,-73.2000,32,0
842,-55.1000,17,0
843,-43.0000,9,0
844,-45.0000,9,0
845,-52.9000,7,0
846,-59.4000,13,0
847,-54.3000,27,0
848,-52.8000,8,0
849,-53.6000,8,0
850,-43.0000,9,0
851,-43.7000,8,0
852,-45.0000,8,0
853,-49.0000,10,0
854,-56.7000,13,0
855,-42.5000,9,0
856,-52.7000,17,0
857,-46.5000,9,0
858,-48.0000,17,0
859,-53.8000,11,0
860,-53.6000,12,0
861,-53.9000,7,0
862,-62.7000,14,0
863,-46.8000,15,0
864,-43.4000,7,0
865,-46.7000,23,0
866,-42.0000,6,0
867,-42.3000,7,0
868,-42.5000,10,0
869,-53.5000,7,0
870,-54.0000,10,0
871,-53.9000,7,0
872,-55.3000,10,0
873,-52.4000,7,0
874,-45.8000,8,0
875,-51.1000,25,0
876,-43.7000,8,0
877,-46.9000,9,0
878,-61.1000,13,0
879,-57.6000,17,0
880,-42.7000,10,0
881,-62.5000,18,0
882,-51.3000,19,0
883,-44.7000,22,0
884,-43.1000,11,0
885,-53.1000,8,0
886,-42.3000,7,0
887,-43.2000,13,0
888,-55.0000,9,0
889,-60.2000,11,0
890,-53.9000,7,0
891,-42.3000,7,0
892,-54.0000,12,0
893,-53.1000,8,0
894,-42.0000,6,0
895,-53.8000,8,0
896,-53.1000,9,0
897,-55.8000,10,0
898,-42.0000,6,0
899,-42.0000,6,0
900,-45.3000,8,0
901,-55.3000,10,0
902,-45.4000,9,0
903,-55.4000,10,0
904,-43.7000,12,0
905,-46.2000,18,0
906,-44.7000,7,0
907,-46.8000,21,0
908,-42.3000,7,0
909,-52.7000,8,0
910,-54.8000,10,0
911,-58.0000,12,0
912,-42.0000,6,0
913,-42.0000,7,0
914,-45.0000,7,0
915,-52.8000,18,0
916,-45.7000,10,0
917,-46.8000,10,0
918,-42.5000,11,0
919,-61.0000,17,0
920,-42.6000,13,0
921,-47.1000,13,0
922,-55.9000,11,0
923,-58.2000,11,0
924,-43.1000,7,0
925,-44.2000,7,0
926,-43.4000,7,0
927,-54.8000,10,0
928,-42.0000,6,0
929,-42.6000,7,0
930,-42.5000,9,0
931,-45.3000,8,0
932,-53.2000,6,0
933,-43.4000,8,0
934,-45.7000,14,0
935,-54.8000,11,0
936,-55.4000,12,0
937,-46.9000,14,0
938,-54.2000,10,0
939,-63.8000,28,0
940,-53.6000,9,0
941,-44.5000,14,0
942,-42.6000,8,0
943,-42.1000,9,0
944,-57.9000,14,0
945,-43.4000,7,0
946,-54.2000,11,0
947,-47.9000,11,0
948,-54.5000,11,0
949,-42.3000,7,0
950,-42.0000,6,0
951,-46.6000,15,0
952,-42.3000,7,0
953,-54.0000,13,0
954,-45.3000,17,0
955,-43.4000,7,0
956,-50.2000,14,0
957,-53.5000,10,0
958,-42.3000,7,0
959,-42.3000,7,0
960,-46.7000,12,0
961,-46.1000,9,0
962,-43.4000,8,0
963,-52.7000,14,0
964,-56.5000,8,0
965,-57.4000,41,0
966,-42.7000,9,0
967,-47.5000,17,0
968,-52.5000,6,0
969,-47.3000,12,0
970,-55.2000,7,0
971,-45.6000,21,0
972,-54.4000,13,0
973,-42.7000,8,0
974,-43.7000,9,0
975,-46.4000,12,0
976,-52.7000,7,0
977,-42.3000,7,0
978,-45.7000,10,0
979,-53.6000,18,0
980,-53.4000,7,0
981,-57.3000,11,0
982,-56.6000,16,0
983,-51.1000,16,0
984,-71.0000,22,0
985,-41.8000,8,0
986,-42.7000,13,0
987,-43.4000,7,0
988,-53.0000,9,0
989,-46.8000,19,0
990,-46.9000,14,0
991,-44.6000,9,0
992,-51.6000,14,0
993,-54.2000,16,0
994,-53.3000,11,0
995,-44.2000,8,0
996,-50.3000,26,0
997,-43.6000,9,0
998,-55.5000,10,0
999,-48.0000,12,0
1000,-53.2000,8,0
