episode,reward,win
1,3.6100000000000083,0
2,-3.3000000000000003,0
3,23.139999999999883,0
4,21.54999999999981,0
5,7.410000000000009,0
6,-0.11999999999999833,0
7,14.849999999999891,0
8,3.650000000000002,0
9,20.129999999999757,0
10,-3.29,0
11,22.339999999999964,0
12,21.55999999999976,0
13,-1.0799999999999983,0
14,-1.1099999999999985,0
15,9.02000000000002,0
16,1.6900000000000057,0
17,50.880000000000216,0
18,2.7400000000000038,0
19,34.690000000000154,0
20,19.379999999999985,0
21,10.67000000000002,0
22,51.06000000000117,0
23,2.260000000000012,0
24,25.199999999999694,0
25,16.069999999999794,0
26,22.049999999999915,0
27,-1.6499999999999901,0
28,-2.429999999999997,0
29,3.5500000000000096,0
30,2.7500000000000036,0
31,-2.0300000000000002,0
32,13.590000000000007,0
33,15.09999999999999,0
34,3.8100000000000254,0
35,-0.23999999999999577,0
36,-0.16999999999999815,0
37,21.629999999999875,0
38,10.240000000000014,0
39,3.620000000000008,0
40,38.54000000000001,0
41,1.390000000000013,0
42,19.139999999999976,0
43,-1.329999999999993,0
44,-1.1699999999999982,0
45,43.56000000000018,0
46,14.40999999999999,0
47,5.470000000000011,0
48,-0.08999999999999897,0
49,0.7600000000000025,0
50,40.270000000000046,0
51,52.89000000000019,0
52,0.8500000000000005,0
53,5.610000000000005,0
54,55.87000000000006,0
55,43.68000000000008,0
56,1.7400000000000055,0
57,1.6500000000000057,0
58,2.8500000000000014,0
59,-1.0300000000000002,0
60,10.010000000000016,0
61,45.54000000000047,0
62,21.289999999999917,0
63,19.359999999999985,0
64,13.959999999999994,0
65,10.50000000000001,0
66,-2.1999999999999975,0
67,-1.0699999999999994,0
68,47.760000000000005,0
69,8.770000000000005,0
70,18.489999999999977,0
71,2.490000000000011,0
72,4.320000000000009,0
73,16.20999999999998,0
74,4.100000000000017,0
75,24.099999999999934,0
76,9.570000000000007,0
77,0.8200000000000021,0
78,15.409999999999936,0
79,7.46000000000001,0
80,23.289999999999697,0
81,11.760000000000005,0
82,11.429999999999989,0
83,65.0399999999999,0
84,29.65999999999987,0
85,32.52000000000008,0
86,43.06000000000025,0
87,21.69999999999997,0
88,11.860000000000003,0
89,51.7700000000005,0
90,8.180000000000014,0
91,47.27000000000005,0
92,62.32999999999983,0
93,62.7499999999998,0
94,31.910000000000103,0
95,9.710000000000004,0
96,37.099999999999895,0
97,2.6200000000000028,0
98,21.249999999999964,0
99,77.59999999999852,0
100,0.7800000000000038,0
101,16.44999999999996,0
102,15.779999999999966,0
103,7.570000000000007,0
104,1.6700000000000053,0
105,38.25000000000002,0
106,32.66999999999991,0
107,51.59000000000015,0
108,40.179999999999986,0
109,6.630000000000004,0
110,22.869999999999894,0
111,20.929999999999907,0
112,12.470000000000006,0
113,12.700000000000003,0
114,-0.03999999999999915,0
115,3.730000000000004,0
116,20.219999999999946,0
117,38.94,0
118,11.189999999999927,0
119,3.690000000000005,0
120,10.410000000000005,0
121,5.870000000000003,0
122,33.73999999999997,0
123,-1.089999999999999,0
124,40.10999999999996,0
125,53.93000000000003,0
126,20.839999999999876,0
127,-2.1799999999999997,0
128,27.019999999999968,0
129,44.73000000000014,0
130,19.269999999999975,0
131,50.84000000000004,0
132,5.360000000000014,0
133,47.310000000000095,0
134,8.830000000000002,0
135,-2.1399999999999997,0
136,5.380000000000011,0
137,58.84000000000019,0
138,74.86999999999921,0
139,15.45999999999999,0
140,11.64,0
141,24.609999999999854,0
142,78.29999999999949,0
143,63.60000000000001,0
144,8.650000000000007,0
145,24.219999999999924,0
146,15.30999999999997,0
147,21.799999999999848,0
148,36.08000000000013,0
149,-0.11999999999999922,0
150,82.70999999999864,0
151,90.37999999999921,0
152,10.490000000000009,0
153,6.760000000000005,0
154,48.06999999999997,0
155,26.98999999999998,0
156,60.18000000000002,0
157,4.850000000000001,0
158,15.299999999999969,0
159,2.9399999999999995,0
160,6.3200000000000145,0
161,96.38,0
162,61.420000000000186,0
163,27.359999999999935,0
164,7.740000000000004,0
165,-0.18999999999999861,0
166,17.719999999999967,0
167,12.730000000000004,0
168,15.559999999999992,0
169,-1.0699999999999985,0
170,-1.3499999999999934,0
171,49.720000000000105,0
172,70.07999999999994,0
173,5.620000000000008,0
174,10.49000000000001,0
175,109.04999999999917,0
176,108.39999999999883,0
177,12.680000000000007,0
178,-0.10999999999999943,0
179,4.950000000000001,0
180,43.240000000000066,0
181,2.820000000000003,0
182,44.50000000000003,0
183,-2.2199999999999953,0
184,38.090000000000025,0
185,30.589999999999883,0
186,24.84999999999987,0
187,21.589999999999993,0
188,10.860000000000003,0
189,12.830000000000002,0
190,28.439999999999962,0
191,3.8400000000000016,0
192,17.72999999999999,0
193,3.7400000000000055,0
194,71.14999999999985,0
195,13.479999999999972,0
196,4.730000000000006,0
197,3.790000000000001,0
198,27.379999999999946,0
199,106.91999999999918,0
200,19.36999999999998,0
201,13.729999999999997,0
202,2.7900000000000045,0
203,32.32999999999996,0
204,-2.16,0
205,59.40000000000019,0
206,9.740000000000004,0
207,34.069999999999965,0
208,-3.06,0
209,46.730000000000096,0
210,23.69999999999998,0
211,18.239999999999906,0
212,46.289999999999985,0
213,41.769999999999996,0
214,3.7400000000000038,0
215,1.9200000000000008,0
216,12.820000000000004,0
217,26.819999999999855,0
218,60.34999999999911,0
219,36.97000000000008,0
220,-0.17999999999999705,0
221,10.830000000000004,0
222,96.07999999999971,0
223,73.55999999999943,0
224,57.750000000000306,0
225,24.37999999999995,0
226,20.34999999999993,0
227,22.67999999999998,0
228,28.389999999999922,0
229,72.63999999999999,0
230,2.8400000000000016,0
231,87.21999999999953,0
232,67.16999999999959,0
233,66.48999999999998,0
234,78.2099999999999,0
235,56.19000000000007,0
236,4.870000000000001,0
237,14.68999999999999,0
238,13.789999999999992,0
239,2.95,0
240,19.549999999999976,0
241,-1.0399999999999991,0
242,27.449999999999946,0
243,19.429999999999968,0
244,26.709999999999983,0
245,-1.0299999999999994,0
246,-3.12,0
247,131.8600000000043,0
248,4.790000000000001,0
249,34.8200000000001,0
250,36.22999999999994,0
251,44.750000000000114,0
252,3.9300000000000015,0
253,16.649999999999984,0
254,-2.04,0
255,36.34000000000012,0
256,37.249999999999986,0
257,9.760000000000003,0
258,6.940000000000001,0
259,0.8900000000000006,0
260,20.419999999999956,0
261,21.77999999999999,0
262,11.790000000000003,0
263,-3.1100000000000003,0
264,2.900000000000002,0
265,18.369999999999926,0
266,45.24,0
267,130.23,0
268,7.9300000000000015,0
269,59.440000000000026,0
270,-2.179999999999997,0
271,36.48,0
272,5.830000000000004,0
273,73.89000000000003,0
274,128.01999999999902,0
275,16.629999999999967,0
276,27.709999999999994,0
277,5.920000000000002,0
278,11.89,0
279,89.66999999999953,0
280,132.21000000000058,0
281,81.02999999999983,0
282,7.830000000000002,0
283,10.860000000000003,0
284,3.780000000000001,0
285,30.08999999999989,0
286,-0.08000000000000007,0
287,60.739999999999895,0
288,14.679999999999996,0
289,32.619999999999976,0
290,117.76999999999931,0
291,103.12999999999951,0
292,3.7600000000000033,0
293,62.33999999999962,0
294,71.96999999999947,0
295,28.459999999999972,0
296,25.189999999999905,0
297,24.319999999999926,0
298,80.2799999999982,0
299,89.32000000000002,0
300,102.38999999999943,0
301,27.87999999999988,0
302,-2.179999999999996,0
303,39.13000000000007,0
304,17.499999999999968,0
305,142.15000000000083,0
306,18.679999999999986,0
307,37.39000000000004,0
308,107.90999999999907,0
309,49.14000000000009,0
310,2.9000000000000004,0
311,14.699999999999992,0
312,24.339999999999915,0
313,32.239999999999974,0
314,5.970000000000001,0
315,51.500000000000206,0
316,97.70999999999952,0
317,5.9300000000000015,0
318,35.91000000000001,0
319,63.75000000000003,0
320,21.91999999999999,0
321,1.9300000000000015,0
322,73.99999999999997,0
323,78.96999999999979,0
324,121.14999999999898,0
325,70.83999999999993,0
326,64.19999999999997,0
327,26.369999999999926,0
328,20.259999999999927,0
329,93.42999999999978,0
330,22.639999999999986,0
331,22.509999999999962,0
332,89.81999999999994,0
333,49.000000000000064,0
334,14.70999999999998,0
335,5.900000000000002,0
336,95.89999999999957,0
337,49.540000000000035,0
338,11.839999999999996,0
339,40.36000000000002,0
340,16.56999999999998,0
341,47.370000000000054,0
342,89.29999999999978,0
343,48.35000000000001,0
344,56.100000000000065,0
345,89.03999999999945,0
346,5.610000000000008,0
347,4.880000000000003,0
348,65.6300000000001,0
349,73.48999999999988,0
350,28.26999999999994,0
351,55.330000000000034,0
352,47.48999999999999,0
353,9.940000000000001,0
354,30.57999999999997,0
355,7.880000000000003,0
356,61.6299999999998,0
357,9.870000000000001,0
358,3.860000000000001,0
359,4.970000000000001,0
360,14.919999999999998,0
361,0.0,0
362,71.8299999999998,0
363,29.22999999999997,0
364,3.580000000000007,0
365,16.709999999999983,0
366,2.8900000000000015,0
367,82.10999999999902,0
368,11.89,0
369,7.880000000000003,0
370,9.870000000000003,0
371,7.800000000000004,0
372,6.880000000000003,0
373,70.27999999999955,0
374,52.71000000000037,0
375,108.92999999999907,0
376,13.389999999999926,0
377,0.9200000000000008,0
378,86.63999999999965,0
379,94.74999999999972,0
380,89.73999999999977,0
381,35.65999999999998,0
382,103.4799999999998,0
383,115.90999999999936,0
384,61.000000000000014,0
385,1.8800000000000026,0
386,16.8,0
387,61.46999999999997,0
388,95.2699999999996,0
389,36.330000000000034,0
390,2.9200000000000017,0
391,19.379999999999956,0
392,108.52999999999966,0
393,77.97999999999938,0
394,35.69999999999999,0
395,7.850000000000003,0
396,75.79999999999995,0
397,4.9300000000000015,0
398,50.89000000000008,0
399,8.810000000000002,0
400,7.880000000000003,0
401,47.33000000000008,0
402,32.43,0
403,16.58999999999999,0
404,4.940000000000001,0
405,117.42999999999843,0
406,15.829999999999991,0
407,51.85000000000012,0
408,24.799999999999983,0
409,43.43000000000006,0
410,33.28999999999996,0
411,35.57000000000001,0
412,57.82000000000007,0
413,4.860000000000003,0
414,15.869999999999994,0
415,118.34999999999953,0
416,13.479999999999983,0
417,77.86999999999996,0
418,68.99,0
419,29.610000000000014,0
420,104.00999999999944,0
421,61.51000000000002,0
422,63.61999999999976,0
423,42.449999999999996,0
424,74.02999999999986,0
425,3.9299999999999997,0
426,9.930000000000001,0
427,29.859999999999992,0
428,41.33999999999996,0
429,36.47000000000001,0
430,0.9000000000000021,0
431,65.28000000000004,0
432,-2.059999999999999,0
433,93.1999999999996,0
434,41.38999999999996,0
435,133.8900000000003,0
436,48.08000000000007,0
437,16.85,0
438,67.31,0
439,28.569999999999958,0
440,127.50000000000117,0
441,69.39999999999971,0
442,34.71999999999998,0
443,20.839999999999993,0
444,22.67999999999998,0
445,0.8700000000000019,0
446,144.92999999999614,1
447,79.43999999999967,0
448,28.659999999999982,0
449,85.02999999999987,0
450,114.91999999999959,0
451,70.29999999999997,0
452,5.790000000000003,0
453,18.83999999999999,0
454,17.56999999999998,0
455,-1.089999999999999,0
456,37.30999999999996,0
457,42.42999999999999,0
458,56.49000000000002,0
459,3.770000000000003,0
460,38.360000000000035,0
461,0.9100000000000019,0
462,14.779999999999983,0
463,4.0,0
464,53.49000000000004,0
465,61.96000000000011,0
466,15.559999999999945,0
467,32.759999999999984,0
468,108.04999999999937,0
469,130.20000000000027,0
470,45.56,0
471,19.909999999999997,0
472,103.42999999999958,0
473,22.62999999999996,0
474,28.619999999999962,0
475,-1.0299999999999998,0
476,2.8800000000000017,0
477,41.349999999999966,0
478,53.32000000000008,0
479,22.829999999999984,0
480,1.9000000000000021,0
481,-1.0199999999999996,0
482,19.68999999999999,0
483,37.6,0
484,28.71999999999999,0
485,102.88999999999933,0
486,16.79999999999999,0
487,21.629999999999967,0
488,95.63999999999983,0
489,63.86000000000007,0
490,140.19000000000182,0
491,96.55999999999969,0
492,49.54000000000006,0
493,109.65999999999961,0
494,68.51000000000002,0
495,13.699999999999996,0
496,49.640000000000015,0
497,99.62999999999965,0
498,55.53000000000004,0
499,42.52000000000001,0
500,0.8800000000000008,0
501,4.9300000000000015,0
502,110.65999999999859,0
503,17.949999999999996,0
504,102.08999999999988,0
505,56.40000000000002,0
506,137.58000000000072,0
507,63.20000000000003,0
508,86.37999999999994,0
509,20.659999999999958,0
510,1.9400000000000013,0
511,132.77000000000356,0
512,15.850000000000001,0
513,75.14999999999984,0
514,1.950000000000001,0
515,61.50000000000004,0
516,38.539999999999985,0
517,35.65999999999999,0
518,44.84000000000008,0
519,18.80999999999998,0
520,128.34999999999985,0
521,7.830000000000004,0
522,20.819999999999986,0
523,2.9300000000000006,0
524,85.29999999999994,0
525,131.9900000000057,0
526,67.35,0
527,24.609999999999957,0
528,53.470000000000034,0
529,137.08000000000015,0
530,15.81999999999999,0
531,6.93,0
532,120.269999999998,0
533,11.879999999999999,0
534,51.460000000000036,0
535,21.859999999999996,0
536,44.68,0
537,61.40000000000005,0
538,4.98,0
539,70.0099999999999,0
540,5.940000000000001,0
541,14.889999999999997,0
542,4.9300000000000015,0
543,24.81,0
544,86.81999999999984,0
545,22.799999999999983,0
546,20.839999999999993,0
547,114.28999999999947,0
548,2.8400000000000025,0
549,58.2,0
550,57.490000000000066,0
551,93.12999999999992,0
552,68.3700000000001,0
553,15.819999999999997,0
554,44.670000000000044,0
555,7.820000000000004,0
556,73.12999999999994,0
557,121.07999999999922,0
558,103.74999999999983,0
559,31.62999999999998,0
560,73.05999999999986,0
561,9.830000000000004,0
562,33.79,0
563,69.16000000000004,0
564,7.870000000000003,0
565,114.58999999999968,0
566,56.37000000000005,0
567,15.849999999999994,0
568,28.38000000000001,0
569,133.6699999999995,0
570,82.13999999999982,0
571,63.28000000000006,0
572,108.04999999999937,0
573,109.47999999999743,0
574,28.849999999999987,0
575,0.9199999999999999,0
576,3.860000000000001,0
577,-2.1199999999999988,0
578,125.5600000000033,0
579,121.61999999999956,0
580,121.42999999999981,0
581,0.8200000000000021,0
582,131.12000000000103,0
583,101.28999999999984,0
584,75.37999999999994,0
585,93.98999999999991,0
586,98.61999999999956,0
587,18.889999999999993,0
588,88.87999999999978,0
589,3.960000000000001,0
590,90.61999999999976,0
591,60.519999999999996,0
592,16.919999999999998,0
593,4.940000000000001,0
594,1.9800000000000004,0
595,79.53999999999996,0
596,65.09,0
597,23.829999999999984,0
598,104.89999999999971,0
599,51.58000000000001,0
600,89.99999999999973,0
601,154.4900000000001,1
602,34.579999999999984,0
603,100.97999999999975,0
604,31.67000000000001,0
605,32.78999999999999,0
606,128.82,0
607,120.51999999999958,0
608,16.669999999999987,0
609,67.31000000000003,0
610,62.360000000000014,0
611,39.74000000000001,0
612,89.68999999999959,0
613,20.829999999999995,0
614,51.50000000000002,0
615,40.67000000000001,0
616,23.759999999999977,0
617,95.89999999999979,0
618,53.250000000000064,0
619,106.03999999999978,0
620,12.730000000000004,0
621,143.32000000000005,0
622,133.6700000000073,0
623,21.879999999999995,0
624,22.619999999999994,0
625,114.58999999999749,0
626,42.70000000000002,0
627,14.810000000000002,0
628,49.63000000000001,0
629,81.18999999999993,0
630,73.54999999999961,0
631,38.580000000000034,0
632,23.769999999999982,0
633,91.94999999999973,0
634,48.38999999999998,0
635,20.86999999999999,0
636,51.619999999999976,0
637,5.940000000000001,0
638,81.49999999999993,0
639,126.15999999999968,0
640,13.899999999999995,0
641,56.12000000000006,0
642,17.83,0
643,10.760000000000003,0
644,53.49000000000005,0
645,33.8,0
646,81.21999999999984,0
647,7.98,0
648,77.09,0
649,96.99999999999984,0
650,135.13999999999953,0
651,55.59000000000003,0
652,58.000000000000114,0
653,5.910000000000002,0
654,56.58000000000005,0
655,5.970000000000001,0
656,-0.049999999999998934,0
657,31.839999999999982,0
658,116.98999999999876,0
659,54.23000000000004,0
660,37.60000000000003,0
661,96.16999999999987,0
662,122.67000000000114,0
663,22.909999999999997,0
664,4.99,0
665,117.2599999999993,0
666,128.87000000000253,0
667,11.89,0
668,21.65999999999995,0
669,31.79999999999999,0
670,93.15999999999987,0
671,130.47999999999973,0
672,18.9,0
673,129.96000000000032,0
674,56.48000000000004,0
675,56.539999999999985,0
676,12.899999999999995,0
677,20.809999999999985,0
678,154.1199999999997,1
679,54.410000000000046,0
680,102.84999999999958,0
681,52.47000000000004,0
682,137.90999999999997,0
683,111.80999999999992,0
684,10.920000000000002,0
685,121.69999999999968,0
686,53.52000000000007,0
687,97.77999999999969,0
688,41.85000000000001,0
689,56.26000000000009,0
690,75.51999999999998,0
691,46.540000000000006,0
692,3.0,0
693,6.920000000000002,0
694,0.9500000000000011,0
695,10.820000000000004,0
696,45.6,0
697,10.96,0
698,24.58999999999994,0
699,70.26,0
700,110.80999999999963,0
701,38.73,0
702,23.749999999999975,0
703,113.99999999999977,0
704,35.66,0
705,110.56999999999954,0
706,102.11999999999976,0
707,37.85,0
708,56.390000000000065,0
709,153.04000000000204,1
710,54.43000000000005,0
711,155.05000000000032,1
712,106.29999999999983,0
713,1.9800000000000004,0
714,76.52000000000001,0
715,63.55000000000004,0
716,24.63999999999997,0
717,20.90999999999999,0
718,69.3999999999999,0
719,2.910000000000002,0
720,112.76999999999964,0
721,60.47000000000003,0
722,154.5900000000007,1
723,57.310000000000045,0
724,89.98999999999981,0
725,43.55000000000001,0
726,81.33999999999989,0
727,107.81999999999971,0
728,118.66999999999959,0
729,30.719999999999978,0
730,13.8,0
731,64.52000000000001,0
732,84.47999999999993,0
733,71.95999999999997,0
734,26.919999999999987,0
735,57.31000000000007,0
736,0.9699999999999998,0
737,102.05999999999982,0
738,105.90999999999988,0
739,56.45000000000004,0
740,9.97,0
741,18.659999999999958,0
742,109.48999999999954,0
743,5.860000000000001,0
744,1.9900000000000002,0
745,43.09000000000011,0
746,25.829999999999984,0
747,20.84999999999999,0
748,49.57000000000004,0
749,23.78999999999998,0
750,154.96,1
751,-0.05999999999999872,0
752,88.13999999999979,0
753,96.12999999999975,0
754,25.839999999999986,0
755,97.15999999999933,0
756,101.16999999999976,0
757,23.68999999999996,0
758,137.640000000005,0
759,51.2900000000001,0
760,134.4200000000011,0
761,3.9700000000000006,0
762,58.48000000000007,0
763,13.959999999999997,0
764,102.87999999999967,0
765,103.81999999999957,0
766,22.91999999999999,0
767,29.67999999999998,0
768,62.650000000000006,0
769,14.869999999999987,0
770,53.51000000000004,0
771,89.15999999999987,0
772,15.949999999999996,0
773,145.61000000000004,0
774,114.75999999999962,0
775,21.809999999999977,0
776,35.790000000000006,0
777,69.57999999999993,0
778,140.0400000000002,0
779,54.540000000000056,0
780,87.40999999999981,0
781,154.5400000000007,1
782,94.30999999999985,0
783,122.63999999999902,0
784,112.23999999999978,0
785,73.18000000000006,0
786,8.830000000000004,0
787,132.76999999999992,0
788,154.2400000000011,1
789,90.93999999999893,0
790,101.89999999999961,0
791,11.919999999999998,0
792,64.34999999999997,0
793,63.550000000000054,0
794,20.789999999999985,0
795,63.49000000000001,0
796,35.57,0
797,122.92,0
798,3.9700000000000006,0
799,144.09000000000077,0
800,86.47999999999995,0
801,66.44999999999986,0
802,17.799999999999994,0
803,4.98,0
804,46.589999999999996,0
805,41.75000000000003,0
806,124.8299999999999,0
807,125.04999999999984,0
808,35.66999999999998,0
809,30.809999999999995,0
810,123.49999999999986,0
811,131.34000000000026,0
812,15.93,0
813,71.40999999999998,0
814,33.800000000000004,0
815,14.93,0
816,19.939999999999994,0
817,56.53,0
818,138.02000000000004,0
819,11.899999999999995,0
820,19.899999999999995,0
821,7.860000000000003,0
822,11.959999999999997,0
823,6.860000000000003,0
824,66.58000000000004,0
825,81.25999999999985,0
826,141.78000000000327,0
827,97.32999999999983,0
828,106.18999999999971,0
829,106.28999999999976,0
830,34.67999999999998,0
831,110.81999999999961,0
832,73.67000000000002,0
833,6.960000000000001,0
834,104.12999999999975,0
835,112.76999999999971,0
836,113.22999999999983,0
837,136.71000000000063,0
838,42.660000000000004,0
839,155.03000000000088,1
840,155.47000000000037,1
841,24.79999999999998,0
842,120.32999999999936,0
843,154.0900000000011,1
844,8.880000000000003,0
845,43.749999999999986,0
846,138.70999999999918,0
847,10.98,0
848,97.0099999999997,0
849,50.27000000000006,0
850,138.3300000000001,0
851,145.1300000000004,0
852,60.62000000000002,0
853,128.35000000000232,0
854,120.83999999999918,0
855,22.65999999999998,0
856,25.769999999999992,0
857,29.85,0
858,66.49000000000001,0
859,29.75999999999999,0
860,20.879999999999992,0
861,47.56000000000004,0
862,52.50000000000002,0
863,21.76999999999997,0
864,93.29999999999986,0
865,36.79999999999998,0
866,79.57000000000001,0
867,120.16999999999979,0
868,135.4600000000002,0
869,28.759999999999984,0
870,7.950000000000001,0
871,53.52000000000006,0
872,135.76999999999978,0
873,153.26000000000215,1
874,138.5600000000001,0
875,11.96,0
876,49.67000000000003,0
877,55.57000000000003,0
878,4.920000000000002,0
879,68.49000000000004,0
880,81.39999999999992,0
881,-1.0199999999999996,0
882,47.77999999999999,0
883,133.4600000000014,0
884,3.960000000000001,0
885,13.909999999999993,0
886,16.929999999999993,0
887,9.950000000000001,0
888,9.97,0
889,141.1700000000015,0
890,100.15999999999985,0
891,155.14000000000016,1
892,138.6300000000026,0
893,88.52999999999986,0
894,88.46999999999994,0
895,56.710000000000015,0
896,77.53999999999999,0
897,35.76,0
898,13.739999999999974,0
899,58.64000000000003,0
900,53.59000000000005,0
901,59.370000000000076,0
902,142.78000000000094,0
903,155.3499999999999,1
904,141.09000000000236,0
905,30.669999999999966,0
906,48.74,0
907,58.780000000000015,0
908,8.950000000000001,0
909,31.789999999999985,0
910,131.92000000000002,0
911,23.789999999999978,0
912,14.849999999999987,0
913,-1.0299999999999998,0
914,31.85,0
915,77.42999999999995,0
916,74.29999999999991,0
917,155.19999999999948,1
918,141.12,0
919,22.85999999999998,0
920,122.28999999999935,0
921,143.07000000000062,0
922,11.929999999999996,0
923,122.8999999999997,0
924,53.72,0
925,136.6599999999999,0
926,3.9700000000000006,0
927,11.869999999999997,0
928,56.690000000000026,0
929,102.31999999999985,0
930,5.9300000000000015,0
931,106.9399999999997,0
932,21.909999999999997,0
933,140.85000000000218,0
934,5.940000000000001,0
935,18.82999999999998,0
936,139.35000000000093,0
937,66.63999999999994,0
938,46.77999999999999,0
939,112.09999999999977,0
940,27.77999999999998,0
941,153.3899999999995,1
942,68.46,0
943,24.76999999999999,0
944,82.48999999999991,0
945,155.13000000000045,1
946,50.72000000000001,0
947,16.949999999999996,0
948,54.74000000000001,0
949,113.47999999999959,0
950,155.68000000000023,1
951,84.59999999999995,0
952,59.66000000000004,0
953,155.35000000000036,1
954,96.5699999999999,0
955,142.59000000000037,0
956,155.5999999999998,1
957,155.47999999999985,1
958,92.51999999999997,0
959,138.93999999999937,0
960,24.789999999999978,0
961,154.11000000000138,1
962,9.92,0
963,100.19999999999975,0
964,93.47999999999995,0
965,154.26999999999953,1
966,127.52999999999935,0
967,95.30999999999979,0
968,136.59999999999968,0
969,152.42000000000257,1
970,86.19999999999997,0
971,66.43999999999997,0
972,83.53999999999989,0
973,132.03999999999994,0
974,104.91999999999965,0
975,67.48999999999995,0
976,26.879999999999995,0
977,155.70999999999978,1
978,136.07999999999987,0
979,136.6699999999998,0
980,46.490000000000045,0
981,155.02000000000038,1
982,75.52999999999989,0
983,154.4999999999994,1
984,88.40999999999991,0
985,121.13999999999976,0
986,113.44999999999979,0
987,135.94000000000057,0
988,49.81000000000001,0
989,154.16000000000156,1
990,40.79000000000002,0
991,83.58999999999993,0
992,18.879999999999992,0
993,20.919999999999998,0
994,109.26999999999987,0
995,155.33000000000024,1
996,18.77999999999997,0
997,130.60999999999927,0
998,25.869999999999987,0
999,31.759999999999977,0
1000,21.889999999999986,0
1001,33.73000000000002,0
1002,104.1199999999997,0
1003,88.54999999999988,0
1004,131.88999999999993,0
1005,108.31999999999981,0
1006,66.43999999999996,0
1007,22.829999999999984,0
1008,129.99999999999986,0
1009,56.750000000000014,0
1010,101.36999999999932,0
1011,55.55000000000004,0
1012,28.869999999999997,0
1013,5.970000000000001,0
1014,33.879999999999995,0
1015,129.63999999999965,0
1016,111.11999999999979,0
1017,19.71999999999997,0
1018,155.0800000000009,1
1019,15.869999999999997,0
1020,105.0099999999998,0
1021,69.75999999999998,0
1022,88.66999999999999,0
1023,119.19999999999969,0
1024,153.4400000000025,1
1025,25.899999999999995,0
1026,62.60000000000001,0
1027,126.0199999999999,0
1028,98.25999999999982,0
1029,140.22000000000472,0
1030,35.78,0
1031,155.86999999999995,1
1032,106.34999999999984,0
1033,133.0299999999999,0
1034,154.58000000000095,1
1035,83.75999999999998,0
1036,119.87999999999967,0
1037,117.06999999999962,0
1038,77.4199999999999,0
1039,95.66999999999996,0
1040,41.82999999999999,0
1041,106.99999999999974,0
1042,71.37999999999988,0
1043,45.81000000000001,0
1044,49.77000000000002,0
1045,19.799999999999997,0
1046,79.73999999999998,0
1047,20.77999999999998,0
1048,84.30999999999997,0
1049,155.8199999999998,1
1050,27.78999999999997,0
1051,33.759999999999984,0
1052,96.6099999999999,0
1053,5.910000000000002,0
1054,155.43000000000023,1
1055,14.959999999999994,0
1056,10.98,0
1057,30.820000000000007,0
1058,153.6900000000017,1
1059,66.75,0
1060,6.99,0
1061,22.829999999999988,0
1062,96.07999999999926,0
1063,16.909999999999997,0
1064,49.85000000000001,0
1065,46.560000000000045,0
1066,25.84999999999999,0
1067,44.66,0
1068,11.95,0
1069,31.75,0
1070,143.33999999999966,0
1071,5.920000000000002,0
1072,134.59000000000282,0
1073,6.960000000000001,0
1074,110.41999999999989,0
1075,120.94999999999969,0
1076,70.80000000000003,0
1077,66.45999999999994,0
1078,155.45999999999995,1
1079,74.66000000000001,0
1080,11.919999999999991,0
1081,126.2999999999999,0
1082,26.84999999999999,0
1083,154.58000000000138,1
1084,155.47999999999985,1
1085,48.66000000000005,0
1086,154.9300000000007,1
1087,59.74999999999996,0
1088,155.7999999999999,1
1089,132.43000000000782,0
1090,16.84,0
1091,10.930000000000001,0
1092,127.8700000000002,0
1093,30.83999999999999,0
1094,154.56000000000134,1
1095,155.11000000000104,1
1096,69.63,0
1097,37.75999999999999,0
1098,89.41999999999997,0
1099,135.92000000000021,0
1100,43.760000000000005,0
1101,155.60999999999996,1
1102,17.909999999999997,0
1103,155.34999999999968,1
1104,19.87999999999999,0
1105,10.98,0
1106,130.08000000000004,0
1107,91.3399999999999,0
1108,136.94999999999987,0
1109,106.2199999999999,0
1110,155.57999999999996,1
1111,8.99,0
1112,104.30999999999989,0
1113,110.46999999999986,0
1114,1.9700000000000006,0
1115,59.59000000000006,0
1116,155.68000000000018,1
1117,51.73,0
1118,155.52000000000044,1
1119,16.900000000000002,0
1120,58.76000000000002,0
1121,102.46999999999989,0
1122,114.22999999999972,0
1123,23.76999999999998,0
1124,131.11000000000007,0
1125,20.869999999999983,0
1126,16.879999999999992,0
1127,154.33000000000138,1
1128,153.02999999999915,1
1129,73.78999999999998,0
1130,106.04999999999971,0
1131,74.44999999999986,0
1132,77.47999999999993,0
1133,39.72000000000002,0
1134,-1.049999999999999,0
1135,120.31999999999987,0
1136,120.99999999999973,0
1137,155.76000000000028,1
1138,155.04000000000087,1
1139,80.43999999999994,0
1140,129.33000000000084,0
1141,11.969999999999999,0
1142,129.98000000000005,0
1143,0.9900000000000002,0
1144,154.81000000000017,1
1145,58.73000000000004,0
1146,114.0999999999997,0
1147,61.599999999999994,0
1148,95.27999999999975,0
1149,53.690000000000005,0
1150,8.98,0
1151,136.5700000000004,0
1152,27.889999999999986,0
1153,155.88999999999987,1
1154,1.9900000000000002,0
1155,29.869999999999997,0
1156,155.62000000000003,1
1157,155.21000000000043,1
1158,9.910000000000002,0
1159,95.24999999999996,0
1160,7.890000000000002,0
1161,122.39999999999982,0
1162,138.01999999999987,0
1163,74.75999999999998,0
1164,9.99,0
1165,41.8,0
1166,59.69999999999999,0
1167,59.48999999999997,0
1168,89.5999999999999,0
1169,68.63000000000002,0
1170,10.850000000000003,0
1171,93.51999999999988,0
1172,19.889999999999983,0
1173,29.87999999999998,0
1174,66.72999999999995,0
1175,63.72,0
1176,155.98000000000008,1
1177,8.99,0
1178,108.34999999999981,0
1179,145.01000000000096,0
1180,38.800000000000004,0
1181,92.42999999999998,0
1182,59.21999999999997,0
1183,154.8400000000002,1
1184,7.960000000000001,0
1185,52.53000000000003,0
1186,30.81000000000001,0
1187,134.8199999999998,0
1188,70.57000000000002,0
1189,0.9900000000000002,0
1190,70.35999999999993,0
1191,94.56999999999995,0
1192,131.16999999999985,0
1193,41.78999999999999,0
1194,155.9800000000003,1
1195,21.949999999999996,0
1196,153.41999999999902,1
1197,41.739999999999995,0
1198,6.870000000000003,0
1199,42.78000000000001,0
1200,155.60999999999996,1
1201,77.64999999999996,0
1202,42.699999999999996,0
1203,155.85999999999999,1
1204,155.54999999999978,1
1205,36.89,0
1206,100.31999999999981,0
1207,78.5199999999999,0
1208,138.93999999999994,0
1209,155.1200000000007,1
1210,55.49000000000003,0
1211,154.87000000000108,1
1212,122.26999999999977,0
1213,154.68000000000103,1
1214,93.23999999999982,0
1215,112.15999999999993,0
1216,8.940000000000001,0
1217,138.71999999999963,0
1218,29.75,0
1219,155.26000000000022,1
1220,142.4200000000009,0
1221,40.8,0
1222,39.910000000000004,0
1223,22.849999999999987,0
1224,118.06999999999972,0
1225,93.53999999999995,0
1226,6.810000000000004,0
1227,156.01000000000016,1
1228,81.4999999999999,0
1229,7.9300000000000015,0
1230,5.98,0
1231,38.84000000000001,0
1232,155.60000000000034,1
1233,88.53999999999992,0
1234,141.5299999999999,0
1235,76.79999999999998,0
1236,155.24000000000035,1
1237,90.57999999999988,0
1238,67.64999999999999,0
1239,99.41999999999987,0
1240,47.730000000000004,0
1241,32.8,0
1242,17.0,0
1243,130.82999999999996,0
1244,9.99,0
1245,117.22999999999972,0
1246,155.23999999999955,1
1247,68.34000000000003,0
1248,118.26999999999985,0
1249,3.950000000000001,0
1250,125.16999999999982,0
1251,66.74999999999999,0
1252,154.91000000000082,1
1253,82.6199999999999,0
1254,5.98,0
1255,155.59999999999968,1
1256,24.91999999999999,0
1257,155.8300000000002,1
1258,52.830000000000034,0
1259,155.10000000000076,1
1260,23.899999999999988,0
1261,155.8599999999998,1
1262,41.689999999999976,0
1263,15.799999999999972,0
1264,155.95999999999978,1
1265,154.54000000000127,1
1266,154.82000000000096,1
1267,112.97999999999755,0
1268,102.25999999999986,0
1269,43.79000000000001,0
1270,29.829999999999984,0
1271,49.76000000000003,0
1272,137.90000000000015,0
1273,154.98000000000093,1
1274,23.86999999999999,0
1275,155.57000000000036,1
1276,155.63000000000062,1
1277,155.5900000000003,1
1278,155.47000000000045,1
1279,105.38999999999984,0
1280,9.920000000000002,0
1281,49.669999999999995,0
1282,155.81999999999996,1
1283,156.0,1
1284,18.899999999999995,0
1285,154.6100000000015,1
1286,81.45999999999991,0
1287,155.68999999999983,1
1288,25.84999999999998,0
1289,14.859999999999996,0
1290,23.789999999999978,0
1291,128.13999999999987,0
1292,155.76999999999992,1
1293,124.95999999999978,0
1294,86.57999999999988,0
1295,106.20999999999964,0
1296,139.9500000000001,0
1297,155.5500000000003,1
1298,151.96000000000393,1
1299,57.64000000000001,0
1300,106.3499999999998,0
1301,32.89000000000001,0
1302,14.869999999999997,0
1303,155.87000000000015,1
1304,77.36999999999989,0
1305,132.12999999999988,0
1306,155.46000000000083,1
1307,-1.0099999999999998,0
1308,123.85000000000025,0
1309,107.44999999999983,0
1310,54.80000000000001,0
1311,14.859999999999989,0
1312,122.31999999999984,0
1313,138.73999999999995,0
1314,89.73999999999994,0
1315,112.06999999999975,0
1316,8.0,0
1317,155.6200000000004,1
1318,155.60000000000062,1
1319,155.69000000000045,1
1320,154.17000000000206,1
1321,109.35999999999984,0
1322,129.2399999999999,0
1323,155.8700000000002,1
1324,154.37000000000182,1
1325,145.39000000000019,0
1326,48.75000000000002,0
1327,144.78000000000034,0
1328,32.88000000000001,0
1329,113.2799999999999,0
1330,5.99,0
1331,38.82,0
1332,143.7400000000003,0
1333,154.35000000000156,1
1334,5.0,0
1335,143.64000000000155,0
1336,155.81000000000017,1
1337,37.81000000000001,0
1338,132.11000000000166,0
1339,49.72000000000004,0
1340,37.829999999999984,0
1341,64.66,0
1342,155.66000000000054,1
1343,55.870000000000005,0
1344,155.6900000000003,1
1345,58.809999999999995,0
1346,99.4999999999999,0
1347,90.42999999999998,0
1348,155.0400000000008,1
1349,156.0999999999999,1
1350,155.67000000000007,1
1351,119.08999999999973,0
1352,155.32999999999998,1
1353,144.2100000000002,0
1354,95.45999999999987,0
1355,155.38000000000042,1
1356,56.79000000000003,0
1357,33.81999999999999,0
1358,73.47999999999998,0
1359,156.07000000000016,1
1360,155.79999999999984,1
1361,64.79999999999995,0
1362,154.51000000000147,1
1363,152.04000000000366,1
1364,60.72000000000001,0
1365,116.20999999999977,0
1366,155.3400000000005,1
1367,45.92999999999999,0
1368,155.53000000000065,1
1369,95.44999999999982,0
1370,108.43999999999983,0
1371,82.43999999999994,0
1372,125.78999999999951,0
1373,96.61999999999986,0
1374,145.64000000000038,0
1375,155.82000000000028,1
1376,118.4099999999998,0
1377,155.5999999999999,1
1378,10.96,0
1379,48.64000000000004,0
1380,37.87,0
1381,155.2600000000006,1
1382,134.07999999999998,0
1383,77.72999999999996,0
1384,16.929999999999993,0
1385,156.0000000000001,1
1386,155.59000000000032,1
1387,113.19999999999975,0
1388,142.49000000000146,0
1389,103.54999999999998,0
1390,47.70000000000002,0
1391,10.910000000000002,0
1392,64.58999999999999,0
1393,50.810000000000024,0
1394,69.77000000000001,0
1395,116.37999999999982,0
1396,129.03000000000011,0
1397,9.97,0
1398,114.20999999999975,0
1399,145.79000000000016,0
1400,115.08999999999972,0
1401,155.65999999999988,1
1402,29.819999999999993,0
1403,141.8499999999998,0
1404,37.75999999999999,0
1405,73.48999999999998,0
1406,154.69000000000125,1
1407,106.53999999999986,0
1408,70.51999999999991,0
1409,13.919999999999991,0
1410,6.920000000000002,0
1411,41.77,0
1412,70.75999999999998,0
1413,64.63,0
1414,155.5300000000005,1
1415,156.03999999999985,1
1416,5.950000000000001,0
1417,19.95,0
1418,131.37999999999937,0
1419,126.33999999999992,0
1420,19.929999999999993,0
1421,11.929999999999993,0
1422,78.73,0
1423,25.85999999999998,0
1424,18.82999999999999,0
1425,22.869999999999983,0
1426,21.789999999999978,0
1427,155.6300000000001,1
1428,47.850000000000016,0
1429,155.94999999999976,1
1430,155.74000000000007,1
1431,143.48999999999995,0
1432,96.33999999999992,0
1433,155.8500000000002,1
1434,155.38,1
1435,104.62999999999994,0
1436,155.07000000000073,1
1437,76.58999999999995,0
1438,144.91000000000037,0
1439,9.98,0
1440,154.3300000000014,1
1441,119.15999999999973,0
1442,50.86000000000001,0
1443,141.70999999999998,0
1444,2.9800000000000004,0
1445,24.959999999999997,0
1446,9.930000000000001,0
1447,79.69999999999995,0
1448,77.50999999999983,0
1449,156.03000000000043,1
1450,110.63999999999993,0
1451,100.21999999999974,0
1452,15.959999999999997,0
1453,155.8200000000001,1
1454,155.6900000000001,1
1455,155.66999999999985,1
1456,142.87999999999994,0
1457,57.88000000000001,0
1458,140.86000000000018,0
1459,43.78000000000001,0
1460,130.18999999999977,0
1461,155.74000000000012,1
1462,156.03000000000014,1
1463,31.870000000000005,0
1464,121.32999999999977,0
1465,7.960000000000001,0
1466,24.91999999999999,0
1467,39.81000000000004,0
1468,61.63000000000001,0
1469,155.51000000000056,1
1470,131.20999999999992,0
1471,140.6300000000003,0
1472,57.769999999999996,0
1473,10.97,0
1474,5.970000000000001,0
1475,155.3699999999999,1
1476,115.40999999999993,0
1477,155.41999999999967,1
1478,49.76000000000003,0
1479,155.33999999999946,1
1480,52.830000000000005,0
1481,6.99,0
1482,126.34999999999991,0
1483,123.1899999999998,0
1484,155.6200000000003,1
1485,153.4400000000023,1
1486,155.33000000000058,1
1487,81.70999999999994,0
1488,83.63999999999992,0
1489,155.4900000000006,1
1490,37.80999999999999,0
1491,89.47999999999985,0
1492,155.75000000000045,1
1493,155.49000000000046,1
1494,155.87,1
1495,72.62999999999994,0
1496,33.77999999999998,0
1497,23.919999999999995,0
1498,155.87000000000046,1
1499,136.71999999999997,0
1500,125.17999999999984,0
1501,116.37999999999977,0
1502,88.61999999999988,0
1503,155.8599999999997,1
1504,71.55999999999989,0
1505,68.69999999999997,0
1506,155.80000000000015,1
1507,156.03000000000023,1
1508,155.05000000000103,1
1509,155.6800000000004,1
1510,13.919999999999991,0
1511,137.81,0
1512,155.51999999999998,1
1513,154.1600000000015,1
1514,28.87999999999999,0
1515,27.87000000000001,0
1516,143.82000000000033,0
1517,155.92000000000024,1
1518,113.33999999999986,0
1519,155.89000000000038,1
1520,13.919999999999995,0
1521,155.09000000000088,1
1522,155.53000000000014,1
1523,132.82999999999979,0
1524,97.66999999999989,0
1525,120.03999999999975,0
1526,58.70999999999999,0
1527,89.67999999999996,0
1528,64.66999999999999,0
1529,155.6900000000003,1
1530,2.99,0
1531,155.76000000000045,1
1532,59.650000000000006,0
1533,154.7300000000014,1
1534,86.51999999999988,0
1535,5.910000000000002,0
1536,11.96,0
1537,155.7700000000005,1
1538,114.14999999999971,0
1539,18.899999999999988,0
1540,134.08999999999997,0
1541,155.4500000000005,1
1542,124.03,0
1543,28.92,0
1544,58.65,0
1545,144.8400000000011,0
1546,8.930000000000001,0
1547,156.0100000000001,1
1548,29.799999999999983,0
1549,127.13000000000085,0
1550,154.8100000000014,1
1551,154.75000000000114,1
1552,126.39999999999992,0
1553,25.929999999999993,0
1554,155.77000000000027,1
1555,155.4400000000009,1
1556,88.5299999999999,0
1557,24.889999999999983,0
1558,155.5100000000004,1
1559,155.82000000000022,1
1560,142.80000000000047,0
1561,155.99999999999991,1
1562,155.74000000000032,1
1563,155.52000000000083,1
1564,156.02000000000007,1
1565,134.2099999999998,0
1566,156.18000000000012,1
1567,102.48999999999988,0
1568,100.6099999999999,0
1569,156.19000000000014,1
1570,155.7300000000003,1
1571,155.95000000000005,1
1572,9.850000000000003,0
1573,155.96000000000043,1
1574,108.2099999999997,0
1575,102.2499999999999,0
1576,88.55999999999989,0
1577,28.90999999999999,0
1578,155.58999999999975,1
1579,142.06000000000023,0
1580,76.57000000000002,0
1581,145.01000000000005,0
1582,19.899999999999995,0
1583,39.87,0
1584,35.949999999999996,0
1585,121.38999999999973,0
1586,13.98,0
1587,17.74999999999997,0
1588,155.46000000000066,1
1589,135.26999999999984,0
1590,155.83000000000044,1
1591,56.780000000000015,0
1592,155.9300000000003,1
1593,51.64000000000004,0
1594,129.28999999999996,0
1595,67.66999999999993,0
1596,155.34000000000063,1
1597,155.83000000000038,1
1598,44.80000000000001,0
1599,72.53999999999996,0
1600,126.48999999999995,0
1601,155.56000000000083,1
1602,142.77000000000044,0
1603,46.84000000000002,0
1604,51.640000000000036,0
1605,155.82000000000016,1
1606,14.919999999999991,0
1607,23.939999999999998,0
1608,136.2199999999998,0
1609,152.73000000000314,1
1610,155.9200000000004,1
1611,109.49999999999989,0
1612,141.0299999999998,0
1613,27.839999999999975,0
1614,54.77000000000001,0
1615,155.56999999999982,1
1616,155.89999999999975,1
1617,155.8400000000005,1
1618,155.97999999999996,1
1619,156.06000000000012,1
1620,123.2499999999998,0
1621,155.67999999999972,1
1622,13.929999999999993,0
1623,110.53999999999984,0
1624,139.07000000000005,0
1625,42.850000000000016,0
1626,3.9700000000000006,0
1627,155.35000000000065,1
1628,126.0,0
1629,29.82999999999999,0
1630,50.88000000000001,0
1631,49.69000000000003,0
1632,73.36999999999992,0
1633,144.71,0
1634,154.8300000000012,1
1635,7.970000000000001,0
1636,138.35000000000076,0
1637,59.770000000000024,0
1638,68.68000000000004,0
1639,28.869999999999997,0
1640,103.42999999999978,0
1641,155.4000000000004,1
1642,91.68999999999996,0
1643,15.90999999999999,0
1644,155.83000000000013,1
1645,132.35999999999984,0
1646,156.18000000000012,1
1647,155.59000000000054,1
1648,24.549999999999937,0
1649,155.76000000000042,1
1650,38.84,0
1651,105.55000000000001,0
1652,155.70999999999987,1
1653,51.76000000000003,0
1654,155.51000000000022,1
1655,155.84000000000032,1
1656,130.22999999999985,0
1657,59.769999999999996,0
1658,140.58000000000067,0
1659,41.83000000000001,0
1660,124.31999999999982,0
1661,155.85999999999964,1
1662,154.75000000000134,1
1663,15.939999999999994,0
1664,24.919999999999987,0
1665,96.65999999999994,0
1666,155.6600000000003,1
1667,156.00999999999976,1
1668,155.58999999999983,1
1669,154.12000000000157,1
1670,155.71999999999963,1
1671,155.66000000000074,1
1672,122.88000000000147,0
1673,155.74000000000044,1
1674,41.9,0
1675,35.83,0
1676,36.83,0
1677,139.05000000000007,0
1678,155.06000000000108,1
1679,39.81000000000001,0
1680,136.12,0
1681,138.05999999999995,0
1682,134.1499999999997,0
1683,134.98000000000036,0
1684,155.0700000000009,1
1685,155.75000000000017,1
1686,155.36000000000018,1
1687,129.21999999999986,0
1688,155.0000000000008,1
1689,43.629999999999974,0
1690,58.81000000000001,0
1691,28.899999999999984,0
1692,131.2,0
1693,65.71999999999996,0
1694,73.70999999999991,0
1695,155.88000000000017,1
1696,130.92999999999986,0
1697,155.90000000000003,1
1698,23.869999999999983,0
1699,60.57000000000001,0
1700,37.84,0
1701,135.11999999999983,0
1702,116.27999999999992,0
1703,31.87000000000001,0
1704,104.41999999999985,0
1705,66.67999999999998,0
1706,118.61999999999989,0
1707,155.5600000000004,1
1708,123.26999999999984,0
1709,19.939999999999994,0
1710,155.28000000000088,1
1711,155.70000000000005,1
1712,140.83000000000047,0
1713,47.90000000000002,0
1714,155.96000000000032,1
1715,43.87000000000001,0
1716,155.98,1
1717,142.97000000000008,0
1718,156.02999999999994,1
1719,138.23999999999998,0
1720,155.86999999999978,1
1721,155.77,1
1722,155.98000000000027,1
1723,25.799999999999986,0
1724,154.7700000000009,1
1725,155.6100000000006,1
1726,127.1799999999997,0
1727,49.83,0
1728,138.83999999999992,0
1729,155.81000000000031,1
1730,139.24000000000547,0
1731,117.52999999999987,0
1732,155.74000000000018,1
1733,136.91000000000022,0
1734,155.92000000000007,1
1735,110.11999999999983,0
1736,155.97000000000008,1
1737,102.45999999999984,0
1738,11.969999999999995,0
1739,141.05000000000024,0
1740,64.81999999999998,0
1741,116.39999999999979,0
1742,9.99,0
1743,117.08999999999963,0
1744,155.91000000000037,1
1745,155.73999999999972,1
1746,155.70000000000013,1
1747,135.00000000000028,0
1748,126.99999999999957,0
1749,6.960000000000001,0
1750,43.560000000000066,0
1751,155.9099999999999,1
1752,155.96000000000038,1
1753,155.4800000000008,1
1754,155.93999999999977,1
1755,153.65000000000214,1
1756,84.53999999999988,0
1757,139.2100000000001,0
1758,118.07999999999964,0
1759,155.89999999999986,1
1760,138.87999999999994,0
1761,155.98000000000022,1
1762,95.59999999999988,0
1763,140.9699999999999,0
1764,132.8500000000005,0
1765,155.68000000000032,1
1766,31.85,0
1767,155.8400000000002,1
1768,155.76000000000022,1
1769,86.67999999999998,0
1770,53.71000000000002,0
1771,121.29999999999967,0
1772,100.44999999999989,0
1773,120.38999999999983,0
1774,125.98000000000013,0
1775,105.31999999999987,0
1776,143.5200000000009,0
1777,141.13999999999984,0
1778,155.68000000000063,1
1779,155.6600000000003,1
1780,154.29000000000147,1
1781,134.4500000000059,0
1782,119.36999999999985,0
1783,155.77000000000012,1
1784,131.11999999999978,0
1785,49.720000000000056,0
1786,115.42999999999981,0
1787,128.56999999999996,0
1788,155.7400000000004,1
1789,138.0600000000004,0
1790,11.959999999999997,0
1791,155.74000000000058,1
1792,4.910000000000002,0
1793,138.73000000000042,0
1794,139.85999999999984,0
1795,155.5600000000001,1
1796,133.20999999999998,0
1797,14.919999999999991,0
1798,33.88999999999999,0
1799,52.59000000000002,0
1800,95.56999999999996,0
1801,155.83999999999997,1
1802,156.02000000000015,1
1803,56.67000000000002,0
1804,155.6700000000006,1
1805,156.04000000000013,1
1806,35.86999999999998,0
1807,37.980000000000004,0
1808,155.33000000000067,1
1809,73.65,0
1810,156.33000000000004,1
1811,155.84999999999982,1
1812,155.47000000000088,1
1813,7.960000000000001,0
1814,139.19999999999987,0
1815,8.98,0
1816,24.939999999999994,0
1817,155.44000000000057,1
1818,156.23000000000013,1
1819,141.8600000000004,0
1820,66.58000000000006,0
1821,156.02000000000044,1
1822,130.26999999999987,0
1823,48.80000000000001,0
1824,119.31999999999982,0
1825,155.7200000000004,1
1826,134.77999999999963,0
1827,155.91,1
1828,118.51999999999981,0
1829,155.37000000000006,1
1830,155.86999999999972,1
1831,128.07999999999984,0
1832,155.95000000000022,1
1833,143.90000000000032,0
1834,80.67999999999991,0
1835,155.7400000000001,1
1836,11.93,0
1837,156.0,1
1838,155.95000000000027,1
1839,32.82000000000001,0
1840,154.68000000000097,1
1841,156.0799999999998,1
1842,135.25000000000006,0
1843,156.08999999999997,1
1844,155.79000000000005,1
1845,79.68999999999996,0
1846,155.8100000000004,1
1847,156.10999999999973,1
1848,155.84000000000063,1
1849,135.10999999999987,0
1850,131.07999999999987,0
1851,96.5899999999999,0
1852,134.9699999999999,0
1853,155.8900000000002,1
1854,155.96999999999997,1
1855,155.77000000000035,1
1856,155.55000000000075,1
1857,26.899999999999988,0
1858,155.82999999999964,1
1859,40.879999999999995,0
1860,156.0500000000003,1
1861,145.6000000000004,0
1862,155.79000000000022,1
1863,155.64999999999998,1
1864,155.82000000000016,1
1865,155.97000000000034,1
1866,39.83000000000001,0
1867,155.8700000000004,1
1868,88.63999999999992,0
1869,155.9899999999999,1
1870,155.8800000000003,1
1871,33.839999999999996,0
1872,156.11000000000007,1
1873,99.60999999999996,0
1874,155.85000000000036,1
1875,28.849999999999994,0
1876,143.4800000000006,0
1877,155.94999999999985,1
1878,5.940000000000001,0
1879,102.2699999999998,0
1880,155.69,1
1881,58.72000000000003,0
1882,154.71000000000103,1
1883,152.91000000000295,1
1884,154.3300000000017,1
1885,133.69999999999993,0
1886,117.65999999999987,0
1887,101.48999999999984,0
1888,155.49000000000075,1
1889,92.63999999999992,0
1890,155.71000000000004,1
1891,155.83000000000015,1
1892,155.92000000000024,1
1893,155.8499999999997,1
1894,51.74000000000002,0
1895,95.46999999999981,0
1896,155.79000000000065,1
1897,129.4799999999999,0
1898,14.95,0
1899,155.4000000000004,1
1900,36.820000000000014,0
1901,76.89999999999999,0
1902,133.0900000000001,0
1903,130.1899999999998,0
1904,137.43000000000004,0
1905,117.20999999999964,0
1906,156.01000000000033,1
1907,155.76000000000067,1
1908,42.92000000000001,0
1909,98.62999999999991,0
1910,78.27999999999975,0
1911,155.7700000000005,1
1912,156.04000000000013,1
1913,103.44999999999986,0
1914,156.33999999999997,1
1915,156.1000000000001,1
1916,110.37999999999975,0
1917,155.47000000000037,1
1918,125.29999999999978,0
1919,154.38000000000162,1
1920,18.91999999999999,0
1921,155.85000000000048,1
1922,138.08000000000027,0
1923,117.51999999999983,0
1924,49.82000000000002,0
1925,107.62999999999988,0
1926,155.96000000000055,1
1927,144.15999999999997,0
1928,156.06999999999994,1
1929,127.17999999999992,0
1930,19.93,0
1931,144.8500000000001,0
1932,155.62000000000054,1
1933,23.80999999999998,0
1934,105.5299999999999,0
1935,155.62999999999977,1
1936,155.82000000000022,1
1937,60.690000000000026,0
1938,154.92000000000075,1
1939,155.9000000000003,1
1940,88.69999999999995,0
1941,155.90999999999988,1
1942,155.93000000000023,1
1943,156.02000000000027,1
1944,109.42999999999992,0
1945,155.74000000000052,1
1946,156.0300000000003,1
1947,29.85,0
1948,155.71000000000072,1
1949,156.0200000000004,1
1950,155.42000000000075,1
1951,136.25000000000023,0
1952,76.64999999999998,0
1953,43.89999999999999,0
1954,155.74000000000035,1
1955,155.98999999999995,1
1956,81.61999999999992,0
1957,155.71000000000018,1
1958,156.0,1
1959,155.71999999999997,1
1960,81.67999999999996,0
1961,140.0800000000001,0
1962,58.82000000000002,0
1963,155.93,1
1964,155.9700000000002,1
1965,155.81999999999985,1
1966,155.91999999999985,1
1967,4.98,0
1968,154.27000000000183,1
1969,102.64999999999996,0
1970,139.2000000000001,0
1971,156.02000000000027,1
1972,10.860000000000003,0
1973,70.78999999999996,0
1974,33.81,0
1975,93.47999999999986,0
1976,155.5100000000005,1
1977,8.940000000000001,0
1978,155.94999999999993,1
1979,10.97,0
1980,155.79000000000042,1
1981,155.89000000000027,1
1982,100.6799999999999,0
1983,44.78000000000003,0
1984,109.63999999999987,0
1985,156.36000000000007,1
1986,144.1000000000002,0
1987,155.73000000000053,1
1988,155.60000000000053,1
1989,155.9600000000005,1
1990,97.35999999999986,0
1991,6.910000000000002,0
1992,94.67999999999991,0
1993,18.939999999999994,0
1994,155.8900000000001,1
1995,91.64999999999993,0
1996,82.55999999999995,0
1997,145.62000000000052,0
1998,138.07000000000016,0
1999,155.80999999999995,1
2000,155.9900000000002,1
